10004969
10038254
10044617
10054976
10055273
10068024
10068586
10107295
10113008
10114596
1011955
1012267
1012292
1012767
1013263
1013335
1013486
1013488
1013490
1013526
1013547
1013578
10136379
1013651
1013688
1013744
1013803
1013932
1014353
1014383
1014409
1014424
1014445
1014615
1016602
1017419
10185681
10196288
1020328
1020413
10205651
1020569
1020585
1020607
1020681
1020944
10214555
10216621
1021882
1021963
1022082
1023256
1023648
1023695
10259316
10263995
1026477
1026690
10269496
1027876
1028057
1028071
1028151
1028190
1028201
1028210
1028265
1028317
10285910
1028923
1028997
10290084
1029009
1029019
1029020
1029089
1029096
1029114
1029125
1029154
1029180
1029186
1029199
1029200
1029290
10296134
10298534
10306878
10306959
1030881
10309794
1031164
10312073
1031394
1031400
1031404
1031437
1031438
1031470
1031512
1031520
1031521
1031528
1031573
1031575
1031582
1031603
1031620
1031652
1031653
1031667
1031673
1031677
1031679
1031684
1031685
1031692
1031710
1031715
1031724
1031737
1031742
1031776
1031796
1032054
1032057
1032131
1032455
1032595
1032633
1032746
1032773
1032838
1032839
1033452
10335650
1033746
1033938
1033951
1033958
1033999
1034043
1034063
1034064
1034074
1034242
1034244
1034329
1034330
1034331
1034332
1034338
1034421
1034424
1034425
1034428
1034431
1034437
1034441
1034442
1034447
1034449
1034452
1034454
1034472
1034479
1034603
1034609
1034668
1035167
1035185
1035194
1035195
1035203
1035204
1035208
1035231
1035239
1035290
1035434
1035551
1035556
1035578
1035929
1035931
1036066
1036128
1036154
1036192
1036203
1036216
1036255
1036286
10366531
1036779
1036789
1036796
10368186
1036893
1036899
1036917
10372191
1037293
1037319
1037612
1037633
1037722
1037890
1037897
1037908
1037974
1037977
1037986
1038059
1038064
1038153
1038207
1038219
1038224
1038248
1038313
1038574
1038582
1038776
1038778
1038781
1038798
1038891
1038963
1038994
1039003
1039006
1039017
1039019
1039067
1039254
1039263
1039333
1039424
1039462
1039463
1039464
1039475
1039514
1039693
1039712
1039716
1039734
1039761
1039967
1039973
1039975
1040045
1040046
1040076
1040164
1040170
1040172
10402592
1040328
1040357
1040429
1040469
1040505
1040526
1040606
1040723
1040746
1040748
1040775
1040779
1040922
1040952
1041060
1041085
1041091
1041424
1041477
1041499
1041551
1041686
1041768
1042006
1042095
1042204
1042212
1042269
1042278
1042354
1042386
1042420
1042443
1042457
1042697
10427571
1042787
1043066
1043082
1043097
1043102
1043118
1043171
1043318
1043321
1043472
1043491
1043494
1043495
1043498
1043572
1043717
1043733
1043765
1043787
1043858
1043870
1043875
1043889
1043910
1043916
1043938
1043978
1044106
1044109
1044111
1044114
1044154
1044156
1044161
1044325
1044375
1044381
1044673
1044814
1044952
1044983
1044984
1045022
1045031
10450501
1045119
1045176
1045205
1045368
1045471
1045482
1045506
1045529
1045541
10456887
1045784
1045795
1045818
1045833
1045837
1045839
1045842
1045843
1045866
1045874
1045875
10465277
1046592
1046801
1046843
1046849
10470364
10473202
1047341
1047343
1047384
1047386
1047387
1047392
1047396
1047444
1047449
1047525
1047536
1047554
1047556
1047567
1047583
1047737
1047804
1047875
1047936
10480031
1048253
1048319
1048335
1048344
1048469
1048474
1048476
1048497
1048626
1048809
1048814
1048933
1048979
10491026
1049120
1049228
1049249
1049260
1049323
1049428
10510501
10534501
1053467
10536515
10539367
10543668
1054733
1054799
1054805
10552103
10564212
10565711
10567055
10572229
1057556
1057593
10580256
10584690
1058734
10595482
10607334
10607859
1061089
1061112
1063403
1063508
1063565
1063806
1063825
1063839
10638451
1063850
1063859
1063880
1063891
10641571
10651552
1065312
1065353
1065382
10656114
1065995
1066657
1066682
1066713
1066804
1067068
1067409
1067432
1067440
1067457
1068101
1068331
1068391
1068417
1068452
1068557
1068592
1068608
10686844
1068706
1068722
1068879
1069044
10690593
1069177
1069185
1069215
1069390
1069458
10694599
1069491
1069573
1069762
1069925
10700423
10700725
1070351
1070383
1070518
1070532
1070569
1070869
1070887
10709879
10711418
10712554
1071266
10715410
10718656
1072045
1072325
10728437
1073048
10730631
10730719
10737481
10745486
10747504
10752544
1075563
10761604
1077130
1077801
1077829
10791900
1079588
1080141
1080269
1080660
1080709
10807169
1080792
1080845
1081167
1081186
10818981
10824075
1082966
10834232
10842459
10844862
1084559
1084571
10845878
10848695
10848873
1085188
1085281
1085286
1085528
1085533
10856451
10857113
1086708
1087005
1087226
1087379
10873859
10876010
10878032
10884269
1088507
1088538
10888045
10891707
10894843
1089586
10896946
10899340
10900564
10903744
10906720
1091163
1091181
1091191
1091192
1091267
1091355
1091378
1091524
10915384
10915497
1091565
1091784
1091924
10922411
10927290
10927729
10932553
10936697
10938155
1093871
10939100
10939265
1094266
1094271
1094494
1094679
1094724
10947581
10949267
10950305
10950708
1095148
1095202
10952526
1095277
10952786
1095310
1095451
10954690
1095567
1095639
1095652
1095669
1095716
1095721
1095739
1095750
1095751
1095760
1095783
1095791
1095794
1095795
1095808
1095847
1095848
1095854
1095857
1095858
1095863
1095893
1095895
1095899
1095903
1095904
1095905
1095906
1095950
1095951
1095953
1095954
1095955
1095958
1095973
1095976
1095977
1095979
1095984
1096003
10962794
10963106
10965787
1096678
10967058
10968699
1096909
1096921
10972541
10972641
1098084
1098597
10990673
10992492
10992694
10993885
10994058
1100299
11014299
11017128
11019573
1102048
1102084
1102800
11033463
1104317
11048070
1105202
11052757
11054355
11058363
1106203
1107218
11080751
11081457
11083997
11093909
1109567
11098069
11098937
11100480
11104870
11106107
11107889
11112384
11113334
11113980
11115058
11116136
1111666
1111797
1111924
1112018
11120721
11122389
11123226
11129426
1114140
11141508
11142241
1114246
11146653
1115830
11165364
11167863
11169174
11173139
1118098
11184283
11191345
1119292
11194993
11202067
11206711
11213467
11218997
11221304
11223982
1122893
1122917
11255792
11258583
1126279
1126740
11274961
1128491
11287091
11292643
1129494
1130067
1133774
1134093
1134213
11344292
11344875
1134912
11351576
11353419
1136138
1136888
11372394
1137257
11372732
11378306
11381924
11389848
11418741
1142804
1142906
1143384
1143678
1143990
1143998
1144296
1144307
11449248
1146023
11478679
1147870
1148774
1148812
1149211
1149372
1149909
1151427
1151435
1151443
1151446
1152186
11526023
11529292
1153065
1153608
1154560
1154680
1155507
1155873
1156052
11567912
11571523
11576787
1159172
11594619
1159552
11598540
1160401
1161742
1161887
1161901
1161902
1161907
1161943
1162017
1162127
1162241
11624052
1162832
1162856
1163892
1164351
1164369
1164849
1165270
11654024
1165552
1166198
1167007
1167008
1168125
1169710
1169765
1170174
1170585
11715560
1171838
1171840
1171988
11728049
11728787
11734988
1173721
1173828
1174232
1174245
1174272
1174299
1174505
1175960
1176429
1176431
1176433
1176459
1176461
1176463
1176471
1176494
1176496
1177130
11774781
11781037
11788059
1179369
1179836
1180501
11807776
1181209
1181210
1181226
1181241
11812454
1181248
1181268
1181282
1181356
1181377
1181432
1181454
1181459
1181463
11824045
1183688
1183696
1183703
1183707
1183708
1183723
1183746
1183747
1183753
1184400
1184505
1184516
11846897
1184730
1184749
1185133
1185290
1185298
1187423
11874998
1187610
1187737
1188308
1188893
1189156
1189289
1189386
1189446
11895268
11897068
1190969
1190992
1191011
1191105
1191136
1191167
1191191
11927373
11927900
1194505
1194823
1194844
1194854
1194884
1194885
1194901
1194930
1194947
1194979
1194989
1195001
1195013
1195019
1195043
1195099
1195102
1195122
1195127
1195129
1195134
1195632
1196048
1196092
1196132
1196190
11962292
1196261
1196296
1197446
1197449
1197479
1198030
1198608
1198632
1198651
1198920
11992983
12005640
12008023
1201292
1201568
1201594
12022449
1202949
1203137
1203278
1203437
1203492
1203511
12038775
12042310
1204356
12043610
1204500
12046692
1205228
1207105
1208627
12089608
1210377
12105471
1210685
1211184
1211257
1211839
1212666
1213154
1213163
1213216
1213220
1213252
12135320
12135372
1213704
1214002
1214025
1214039
1214072
1214155
1214296
1214373
12144485
12145975
1214795
1215146
1215162
1215181
1215188
1215210
1215241
12160125
1216070
1216358
1216470
1216493
1216605
1216608
1216881
1216917
1216929
1217044
1217269
1217275
1217296
1217315
1217391
1217397
12174616
1217530
1218240
1218504
1218525
1219121
1219135
1219143
12193658
12198762
1219970
1220354
12206635
1221139
1221617
1221618
1221824
12219782
12222356
1222463
1222885
1222991
1223020
1223069
1223870
1223971
1223996
1224019
1224025
1224032
1224034
1224072
1224120
1224185
1224195
1224215
1224239
1224259
1224267
1224282
1224285
1224290
1224295
1224320
1224348
1224454
1224476
1224529
1224784
12253343
1228061
1228919
1230310
1230353
1231283
1231837
1231871
12321555
1232323
1232524
1232526
1234189
1235098
1235533
1235738
1235857
1235984
1236475
12368496
1237428
1237442
1237544
1237559
1237563
1237577
1237584
1237603
1237938
1238846
1239608
1239616
1241015
1242934
1243023
1244357
1244459
1244520
1244634
1244655
1244656
1244882
1244909
1244982
1244988
1244993
1245760
1245833
1245875
1246366
1246659
1247449
1247584
1247598
1247820
1247903
1247904
1248219
1248443
1248553
1248764
1248774
1248968
1249227
1249411
1249663
1249664
1249668
1249669
1249680
1249682
1249687
1249700
1249702
1249740
1251046
1251442
1251546
1251594
1251597
1252271
1252276
1252429
1252456
1254540
1254618
1254696
1254923
1255314
1255983
1256578
1256581
1257694
1257936
1257941
1259056
1259376
1260239
1260918
1260951
1261323
1261334
1262023
1262852
1263231
1263416
1263438
1263447
1263453
1263538
1263616
1263622
1263651
1264105
1264638
1264836
1265638
1265670
1265980
1266104
1266366
1266400
1266412
1267671
1267728
1268168
1268267
1268353
1268420
1268711
1269085
1269116
1269127
1269148
1269151
1269176
1269181
1269196
1269208
1269216
1269225
1269231
1269247
1269267
1269278
1271166
1271218
1271263
1271351
1271357
1272168
1273231
1273620
1273626
1273642
1273670
1274033
1274044
1274892
1275861
1275917
1275922
1275966
1275993
1276219
1276464
1276558
1276564
1276861
1276876
1276976
1277030
1277120
1277183
1277320
1277363
1277466
1277489
1277499
1277865
1277874
1277902
1277934
1277971
1278096
1278126
1278831
1278845
1278848
1278900
1279094
1279110
1279120
1279177
1279233
1279237
1279377
1279630
1279683
1279690
1279703
1279706
1279794
1279853
1279870
1279890
1280038
1280178
1280307
1280322
1280596
1280630
1280651
1280658
1280667
1280726
1280835
1280864
1280876
1280914
1280922
1280962
1280970
1280999
1281029
1281036
1281054
1281066
1281237
1281466
1281579
1281944
1281980
1282178
1282203
1282222
1282555
1282588
1282784
1282851
1282935
1282960
1283145
1283375
1283457
1283464
1283774
1283787
1283814
1284071
1284205
1284287
1284587
1284700
1284800
1284915
1285033
1285128
1285162
1285198
1285339
1285407
1285520
1285537
1285545
1285597
1285623
1285664
1285830
1286045
1286134
1286153
1286594
1286644
1286739
1286965
1286992
1287096
1287336
1287358
1287867
1287907
1287967
1288001
1288021
1288136
1288165
1288188
1288205
1288233
1288471
1288553
1289422
1289545
1289552
1289792
1289899
1290014
1290097
1290143
1290188
1290298
1290306
1290330
1290439
1290530
1290610
1290887
1291084
1291101
1291527
1291744
1292008
1292115
1292213
1292332
1292828
1292846
1292867
1292957
1293078
1293113
1293808
1293907
1293916
1293953
1293979
1294069
1294126
1294127
1294257
1294338
1294357
1294586
1294619
1294754
1294761
1295444
1295457
1295490
1295514
1295569
1295599
1295621
1295763
1295815
1295821
1295830
1295837
1295862
1295866
1295897
1296000
1296092
1296193
1296211
1296278
1296286
1296299
1296330
1296384
1296408
1296426
1297121
1297285
1297445
1297550
1297882
1297919
1299452
1299861
1299895
1299998
1300187
1300585
1300813
1300938
1301152
1301268
1301423
1301558
1301747
1302107
1302167
1302203
1302230
1302693
1302988
1303096
1303252
1303279
1303355
1303427
1303727
1303751
1303918
1304032
1304057
1304172
1304194
1304336
1304718
1304747
1304867
1305085
1305235
1305365
1305473
1305818
1306008
1306058
1306064
1306210
1306747
1306799
1306806
1306964
1307003
1307085
1307122
1307216
1307234
1307604
1307769
1307780
1307793
1307826
1307987
1308048
1308110
1308135
1308199
1308216
1308322
1308355
1308651
1308779
1308973
1309174
1309534
1309561
1309562
1309567
1309571
1309592
1309593
1309600
1309601
1309602
1309605
1309606
1309614
1309620
1309630
1309631
1309633
1309640
1309642
1309647
1309649
1309650
1309652
1309671
1309691
1309692
1309699
1309706
1310593
1310600
1310622
1310647
1310811
1310824
1311433
1311460
1311477
1311515
1311527
1311649
1311651
1311671
1311676
1311797
1311798
1311805
1311825
1311831
1311838
1312228
1312275
1312288
1312367
1312486
1312649
1312698
1312770
1312773
1312835
1312857
1313104
1313121
1313457
1313740
1313925
1313954
1314429
1314462
1314824
1314847
1314881
1314912
1314946
1314960
1314975
1314980
1315006
1315029
1315050
1315076
1315089
1315117
1315124
1315132
1315142
1315154
1315174
1315215
1315391
1315894
1315915
1315972
1316070
1316075
1316357
1316376
1316409
1316432
1316434
1316496
1316520
1316675
1316800
1316805
1316856
1316908
1317003
1317116
1317284
1317348
1317464
1317691
1318776
1318848
1318870
1318874
1318887
1318893
1318917
1318944
1318958
1318965
1319619
1319643
1320630
1320765
1320777
1320787
1320821
1321175
1321805
1322537
1322635
1323218
1323247
1323381
1323402
1323414
1323493
1323544
1323853
1323881
1323900
1323916
1323957
1323982
1324041
1324046
1324052
1324059
1324062
1324175
1324182
1324250
1324934
1325084
1325120
1325436
1325561
1326343
1326634
1326693
1326756
1327870
1328716
1328773
1328965
1329148
1329637
1329813
1329873
1329889
1330062
1330465
1330477
1330494
1330519
1330614
1330617
1331337
1331377
1331389
1331413
1331425
1331436
1332457
1332469
1333027
1333082
1333236
1333309
1333908
1334162
1334164
1334185
1334203
1334214
1334267
1334278
1334291
1334493
1334499
1334501
1334517
1334527
1334536
1334622
1334629
1334635
1334638
1334646
1334653
1334802
1334817
1334821
1334902
1334922
1334932
1334943
1334967
1334975
1335008
1335050
1335113
1335213
1335245
1335260
1335321
1335505
1335556
1335648
1335657
1335671
1335777
1335792
1335802
1335824
1335829
1335942
1336029
1336050
1336092
1336107
1336116
1336138
1336307
1336343
1336431
1336452
1336457
1336553
1336564
1336592
1336601
1336627
1336640
1336802
1336823
1336835
1336921
1336937
1337025
1337075
1337091
1337092
1337115
1337165
1337210
1337229
1337241
1337297
1337324
1337354
1337361
1337386
1337916
1338348
1338361
1338425
1338442
1338466
1338498
1338626
1338640
1338661
1338677
1338713
1338722
1338740
1338883
1338938
1339010
1339806
1339840
1339863
1339907
1339951
1339953
1340000
1340012
1340286
1340297
1340298
1340301
1340305
1340308
1340311
1340325
1340327
1340333
1340341
1340342
1340344
1340358
1340362
1340383
1340384
1340387
1340394
1340405
1340407
1340418
1340420
1340422
1340431
1340434
1340444
1340477
1340484
1340500
1340503
1340513
1340515
1340521
1340523
1340527
1340531
1340533
1340542
1340891
1340898
1340908
1340936
1340954
1340961
1340962
1340969
1340976
1340979
1340988
1340994
1341000
1341088
1341099
1341105
1341624
1341850
1341868
1341883
1341892
1341940
1341946
1341976
1342075
1342108
1342196
1342279
1342427
1343040
1343048
1343062
1343068
1343072
1343115
1343132
1343234
1343247
1343261
1343279
1343298
1343302
1343309
1343357
1343366
1343367
1343381
1343389
1343416
1343441
1343512
1343523
1343593
1343608
1343663
1343694
1343697
1343704
1343736
1343792
1343801
1343808
1343822
1343826
1343831
1343878
1343885
1343892
1343896
1343909
1343922
1343956
1343957
1343989
1344004
1344091
1344115
1344121
1344164
1344224
1344282
1344293
1344295
1344334
1344337
1344348
1344350
1344352
1344356
1344360
1344362
1344425
1344440
1344449
1344457
1344841
1344849
1344902
1345192
1345196
1345296
1345319
1345858
1345879
1345885
1345893
1345902
1345909
1346078
1346559
1346599
1346721
1346755
1346875
1346919
1347633
1347666
1347677
1347842
1347885
1347914
1347933
1347963
1348620
1348624
1348658
1348665
1348691
1348704
1348742
1348792
1348796
1348850
1348914
1348923
1348950
1349384
1349389
1349433
1349447
1349475
1349484
1349544
1349550
1349560
1349573
1349619
1349638
1349744
1349755
1349795
1349802
1349822
1349838
1349842
1349884
1349889
1349904
1349955
1349997
1350002
1350025
1350053
1351287
1351304
1351330
1351332
1351335
1351338
1351360
1351387
1351392
1351446
1351462
1351467
1351470
1351481
1351491
1351503
1351513
1351540
1351548
1351574
1351576
1351582
1351642
1351648
1351938
1351974
1352007
1352023
1352051
1352096
1352694
1353103
1353125
1353181
1353220
1353227
1353234
1353236
1353269
1353283
1353285
1353289
1353300
1353310
1353322
1353348
1353363
1353364
1353374
1353376
1353390
1353395
1353407
1353453
1353593
1353610
1353731
1353756
1353805
1353834
1353981
1354007
1354041
1354102
1354132
1354206
1354263
1354270
1354272
1354274
1354342
1354397
1354422
1354476
1354551
1354623
1354645
1354651
1354656
1354699
1354773
1354819
1354864
1354952
1354961
1354966
1354990
1355018
1355085
1355107
1355126
1355135
1355230
1355330
1355337
1355872
1355948
1355949
1356870
1356887
1356909
1356936
1356971
1356981
1356982
1356996
1357005
1357013
1357017
1357026
1357056
1357074
1357099
1357100
1357156
1357170
1357179
1357207
1357215
1357220
1357222
1357230
1357234
1357239
1357262
1357310
1357334
1357338
1357354
1357362
1357364
1357378
1357397
1357402
1357412
1357430
1357456
1357466
1357477
1357479
1357487
1357490
1357495
1357535
1357540
1357543
1357545
1357548
1357554
1357585
1357628
1357646
1357665
1357691
1357709
1357721
1357732
1357734
1357737
1357788
1357802
1357812
1357838
1357872
1357918
1357930
1357937
1357950
1357952
1358011
1358024
1358031
1358088
1358094
1358095
1358128
1358165
1358177
1358209
1358210
1358227
1358228
1358237
1358259
1358261
1358283
1358320
1358376
1358406
1358411
1358712
1359057
1360316
1360324
1360358
1360506
1361320
1361497
1362524
1362619
1363005
1364038
1364088
1364710
1364787
1364940
1365013
1365139
1365418
1365423
1365557
1365637
1365699
1365799
1366290
1366307
1366331
1366644
1366766
1366885
1367458
1368214
1368310
1368314
1368356
1368800
1369629
1370744
1370910
1370941
1370946
1371005
1371595
1371850
1371917
1372010
1372014
1372165
1372402
1372909
1373308
1373544
1373909
1374175
1375103
1375185
1375289
1375360
1375386
1375482
1376310
1376693
1376774
1376879
1377532
1377732
1378391
1378469
1378485
1379166
1379261
1379329
1379355
1379722
1379860
1379990
1380005
1380627
1380757
1380834
1381011
1381400
1381437
1381665
1381796
1381908
1383017
1383061
1383190
1383562
1383587
1383766
1383799
1384221
1384909
1384945
1385325
1385478
1385733
1385950
1386006
1386283
1386461
1387105
1387129
1387173
1387903
1387946
1388030
1388240
1388262
1388280
1388402
1388562
1388957
1389124
1389817
1389997
1390033
1390191
1390278
1390892
1391191
1391276
1391292
1391496
1391931
1392203
1392972
1393047
1393304
1394089
1394101
1394185
1394204
1394360
1394715
1394795
1394801
1394825
1395038
1395055
1395099
1395226
1395343
1395561
1395630
1395681
1396152
1397366
1397444
1398762
1398771
1398920
1398961
1403590
1404300
1404864
1405951
1406187
1407105
1407344
1407518
1407673
1407879
1408231
1411953
1415826
1415862
1416936
1417089
1417119
1417193
1417259
1417654
1418114
1419435
1419468
1419472
1419537
1419547
1419845
1419851
1419867
1419894
1419910
1419912
1419921
1419973
1420012
1420013
1420016
1420020
1420023
1420027
1420028
1420035
1420038
1420108
1420158
1420185
1420243
1420323
1420351
1420365
1420376
1420379
1420381
1420401
1420464
1420518
1420534
1420540
1420559
1420562
1420576
1420609
1420624
1420625
1420626
1420633
1420643
1420651
1420656
1420696
1420717
1420729
1420738
1420748
1420751
1420756
1420757
1420765
1420769
1420771
1420772
1420776
1420789
1420795
1420803
1420824
1420825
1420826
1420828
1420829
1420833
1420846
1420857
1420873
1420881
1420884
1420889
1420892
1420896
1420900
1420901
1420914
1420916
1420919
1420923
1420926
1420930
1420932
1420938
1420951
1420954
1420957
1420961
1420962
1420970
1420971
1420973
1420978
1420991
1420995
1420998
1421001
1421005
1421008
1421010
1421054
1421072
1421091
1421095
1421097
1421105
1421193
1421964
1421980
1422001
1422002
1422010
1422012
1422016
1422025
1423011
1423018
1423027
1423114
1423259
1423317
1423379
1423395
1423540
1423859
1423875
1423891
1423981
1424038
1424045
1424067
1424076
1424207
1425137
1425146
1425166
1425177
1425203
1425216
1425240
1425264
1426058
1426246
1426293
1427008
1427020
1427037
1427067
1427855
1427883
1427915
1427936
1428217
1428235
1428248
1428308
1428311
1428334
1428345
1428571
1428583
1428595
1428686
1428708
1428715
1428835
1428861
1429173
1429178
1429194
1429199
1429207
1429541
1429717
1429876
1429969
1429997
1430020
1430023
1430083
1430468
1430478
1430492
1430527
1430530
1430535
1430551
1430607
1430644
1430681
1431348
1431553
1431569
1431589
1431594
1431608
1431624
1431732
1431736
1431740
1431748
1431892
1431966
1432084
1432092
1432153
1432528
1432542
1432544
1432551
1432593
1432682
1432697
1432713
1433235
1433266
1433270
1433314
1433356
1433394
1433480
1433520
1433551
1433703
1433711
1433817
1433826
1433873
1433882
1433899
1433900
1433914
1433963
1433985
1434003
1434087
1434133
1434147
1434182
1434205
1434225
1434230
1434258
1434307
1434311
1434321
1434347
1434923
1435069
1435114
1435164
1435245
1435549
1435559
1435562
1435574
1435740
1435754
1435909
1435915
1435958
1436003
1436005
1436064
1436145
1436158
1436214
1436306
1436389
1436394
1436598
1436629
1436641
1436694
1436697
1436785
1436849
1437001
1437064
1437081
1437103
1437108
1437112
1437150
1437174
1437347
1437373
1437382
1437449
1437577
1437581
1437589
1437830
1437868
1437881
1437973
1437978
1437982
1438067
1438079
1438081
1438134
1438798
1438862
1438868
1439194
1439205
1439248
1439839
1440654
1440923
1440933
1440999
1441007
1441014
1441028
1441036
1441039
1441045
1441147
1441168
1441173
1441178
1441207
1441364
1441365
1441370
1441371
1441375
1441388
1441519
1441530
1441606
1441609
1441659
1441708
1441765
1441778
1441786
1441792
1441795
1441797
1441799
1441805
1441818
1441821
1441839
1441861
1441868
1441871
1441874
1441886
1441888
1441893
1441913
1441922
1441927
1441931
1441933
1441982
1442041
1442060
1442068
1442069
1442070
1442087
1442127
1442133
1442204
1442255
1442261
1442291
1442299
1442345
1442358
1442436
1442446
1442466
1442467
1442472
1442474
1442490
1442515
1442540
1442555
1442562
1442566
1442598
1442607
1442615
1442618
1442619
1442627
1442653
1442666
1442669
1442688
1442690
1442694
1442697
1442714
1442729
1442780
1442788
1442831
1442870
1442890
1443388
1443397
1443411
1443434
1443438
1443455
1443470
1443614
1443616
1443689
1443795
1443971
1444001
1444065
1444087
1444117
1444175
1444246
1444291
1444366
1444395
1444413
1444437
1444459
1444494
1444503
1444538
1444574
1444622
1444632
1444677
1444694
1444711
1444715
1444753
1445084
1445102
1445107
1445114
1445134
1445145
1445155
1445219
1445321
1445328
1445338
1445453
1445594
1445655
1445785
1445858
1445991
1446057
1446100
1446104
1446164
1446227
1446288
1446301
1446335
1446404
1446445
1446479
1446488
1446650
1446667
1446681
1446686
1446687
1446753
1446785
1446800
1446939
1446956
1446963
1447023
1447055
1447202
1447213
1447237
1447241
1447256
1447312
1447321
1447389
1447439
1447535
1447573
1447598
1447750
1447845
1448186
1448214
1448237
1448997
1449058
1449080
1449093
1449129
1449137
1449202
1449214
1449229
1449353
1449414
1449553
1450166
1450201
1450218
1450241
1450245
1450281
1450317
1450453
1450529
1450539
1450556
1450569
1450575
1450578
1450581
1450610
1450659
1450667
1450690
1450701
1450821
1450856
1450885
1450900
1451071
1451149
1451175
1451314
1451728
1451739
1451753
1451772
1451780
1451807
1451824
1451826
1451848
1451853
1451865
1451870
1451899
1451945
1451973
1451979
1451993
1452084
1452161
1452187
1452290
1452301
1452330
1452334
1452346
1452547
1452643
1452739
1452882
1452956
1452977
1453097
1453176
1453271
1454051
1454068
1454174
1454181
1454224
1454293
1454306
1454324
1454445
1454480
1454495
1454526
1454563
1454564
1454664
1454712
1454763
1455315
1455318
1455370
1455491
1455629
1455721
1455797
1456161
1456212
1456255
1456329
1456397
1456514
1456520
1456562
1456656
1456772
1456774
1456780
1456785
1457103
1457182
1457287
1457557
1457656
1457722
1457896
1458118
1458133
1458751
1458763
1458776
1458933
1458957
1459365
1459590
1460096
1460212
1460307
1460610
1460647
1460667
1460849
1460950
1461299
1461447
1461505
1461943
1462784
1463372
1463508
1463551
1463624
1464295
1464517
1464567
1464665
1464719
1464726
1464758
1464777
1464906
1465455
1465590
1465603
1465749
1466084
1466205
1466440
1466741
1466882
1467035
1467051
1467408
1467425
1468136
1468138
1468546
1468591
1468884
1468997
1469145
1469327
1469490
1469755
1469908
1470178
1470190
1470215
1470936
1471050
1471177
1472141
1472219
1472498
1472896
1473158
1473233
1473598
1473609
1473613
1473620
1473636
1473703
1473715
1473763
1474061
1474696
1474793
1474877
1474884
1474953
1475022
1475137
1475359
1475371
1475597
1475695
1475893
1476047
1476439
1476483
1476490
1476561
1476749
1476844
1476897
1477054
1477126
1477213
1477235
1477259
1477289
1477348
1477560
1477730
1477838
1478436
1479792
1480032
1480036
1480078
1480583
1480621
1480940
1480953
1481718
1481848
1481948
1482157
1482476
1482752
1482785
1482789
1482792
1483339
1485348
1485443
1485733
1485806
1485998
1486016
1486175
1486219
1486395
1486578
1486587
1486658
1487000
1487012
1487130
1487348
1487369
1487412
1487539
1487547
1487722
1487737
1487752
1487776
1487824
1487860
1488066
1488095
1488129
1488228
1488246
1488251
1488281
1488373
1488558
1488614
1488618
1488673
1488702
1488827
1488856
1488968
1489583
1490064
1490127
1490150
1490285
1490322
1490370
1490387
1490785
1490787
1490838
1490883
1490939
1491109
1491184
1492258
1492309
1493294
1493558
1493647
1493710
1493713
1493784
1493791
1493794
1493818
1493826
1493837
1493857
1493887
1494219
1494276
1494296
1494815
1494966
1495317
1495328
1495562
1495771
1496415
1496796
1497139
1497153
1497188
1497343
1497357
1497452
1497460
1497483
1498801
1498937
1499099
1499136
1499370
1499769
1499802
1500013
1500247
1500256
1500344
1500362
1500456
1500480
1500505
1500523
1500532
1500580
1500842
1501358
1501514
1501621
1502142
1502412
1502577
1502691
1502793
1503663
1503686
1504227
1504378
1504448
1504647
1504662
1504847
1504900
1505018
1505267
1505325
1505339
1505414
1505482
1505565
1505766
1505819
1505951
1505960
1505971
1505996
1506056
1506067
1506083
1506208
1506232
1506269
1506284
1506304
1506409
1506430
1506462
1506624
1506780
1506830
1506965
1507042
1507114
1507192
1507199
1507203
1507211
1507303
1507383
1507502
1507562
1507630
1507718
1508161
1508174
1508787
1508907
1508928
1508951
1508990
1508996
1509008
1509045
1509068
1509083
1509097
1509162
1509290
1509303
1509316
1509332
1509345
1510006
1510036
1510059
1510203
1510283
1510553
1512250
1512444
1512474
1513321
1514174
1514680
1515437
1516349
1517123
1517280
1517284
1517719
1518081
1518204
1518947
1519120
1519780
1519997
1520635
1520757
1521007
1521144
1521288
1521292
1521347
1521442
1521490
1521645
1522395
1522402
1522458
1522474
1522483
1522521
1522699
1522744
1522748
1522752
1522795
1522829
1522840
1522845
1522856
1522861
1523193
1523500
1523506
1523618
1523628
1523748
1523759
1523767
1523778
1523886
1524265
1524287
1524492
1524718
1524762
1524801
1524843
1525771
1525780
1525985
1525998
1526081
1526121
1526146
1526160
1527560
1527645
1527732
1528043
1528100
1528247
1528292
1528387
1528422
1528512
1528553
1528578
1528598
1528705
1528980
1528985
1528997
1529008
1529037
1529099
1529195
1529292
1529320
1529375
1529632
1529681
1529828
1529847
1529889
1530131
1530164
1530226
1530235
1530402
1530455
1530458
1530468
1530556
1531031
1531371
1531912
1531970
1532021
1532025
1532088
1532232
1532669
1532719
1532736
1532746
1532756
1532761
1532931
1532941
1532982
1533005
1533017
1533023
1533040
1533046
1533062
1533068
1533073
1533081
1533100
1533142
1533639
1533661
1533710
1533796
1533889
1534372
1534374
1534395
1534396
1534402
1534410
1534412
1534421
1534505
1534515
1534603
1534613
1534643
1534751
1534984
1534988
1535185
1535521
1535529
1535561
1535634
1535651
1535656
1535710
1535728
1535745
1535751
1535781
1535807
1535878
1535899
1535909
1535931
1535954
1535990
1535999
1536003
1536009
1536015
1536289
1536300
1536318
1536342
1536360
1536370
1536381
1536399
1536449
1536559
1536592
1536614
1536623
1536635
1536643
1536664
1536675
1536689
1536697
1536711
1536716
1536725
1536728
1536740
1536758
1536794
1536796
1536804
1536812
1536817
1536827
1537188
1537212
1537245
1537266
1537300
1537313
1537380
1537389
1537412
1537436
1537521
1537535
1537538
1537547
1537581
1537582
1537703
1537709
1537717
1537719
1538450
1538647
1538734
1538753
1538756
1538796
1538798
1538824
1538831
1538870
1538873
1538880
1538889
1538946
1539042
1539123
1539165
1539177
1539189
1539192
1539269
1539281
1539293
1539631
1539719
1539854
1539896
1539931
1539937
1539941
1539953
1539969
1539991
1540020
1540047
1540067
1540082
1540086
1540101
1540113
1540146
1540167
1540176
1540189
1540212
1540231
1540278
1540296
1540302
1540317
1540334
1540351
1540362
1540390
1540446
1540488
1540517
1540549
1540561
1540590
1540597
1540608
1540633
1540691
1540726
1540740
1540742
1540818
1540875
1541116
1541146
1541164
1541192
1541217
1541245
1541262
1541325
1541339
1541364
1541412
1541422
1541545
1541562
1541612
1541616
1541625
1541629
1541654
1541740
1541762
1541763
1541799
1541819
1541832
1542026
1542027
1542030
1542069
1542077
1542087
1542093
1542111
1542118
1542175
1542409
1542591
1542714
1542770
1542830
1542852
1542961
1542971
1542979
1543011
1543017
1543031
1543075
1543089
1543096
1543099
1543125
1543134
1543183
1543197
1543211
1543227
1543239
1543292
1543332
1544156
1544162
1544168
1544230
1544267
1544270
1544340
1544360
1544369
1544431
1544486
1544513
1544682
1545916
1546443
1546686
1546714
1546757
1546778
1546799
1546971
1547108
1547156
1547204
1547320
1547427
1547523
1547525
1547612
1547682
1547792
1547985
1548168
1548313
1548403
1548490
1548494
1548598
1548629
1548633
1548900
1550475
1550503
1550740
1551064
1551313
1551315
1551317
1551351
1551365
1551394
1551397
1551402
1551415
1551424
1551464
1551467
1551482
1551483
1551492
1551518
1551527
1551533
1551539
1551542
1551553
1551556
1551568
1551580
1551589
1551602
1551614
1551617
1551628
1551634
1551659
1551669
1551671
1551679
1551715
1551736
1551784
1551797
1551814
1551815
1551826
1551841
1551850
1551860
1551872
1551886
1551901
1551910
1551923
1551925
1551928
1551937
1551947
1551959
1551978
1551981
1551982
1552011
1552017
1552029
1552050
1552057
1552072
1552074
1552247
1552271
1552317
1552322
1552349
1552385
1552424
1552427
1552448
1552471
1552474
1552512
1552544
1552553
1552635
1552700
1552743
1552862
1552982
1552990
1553048
1553084
1553106
1553116
1553193
1553205
1553219
1553243
1553284
1553293
1553296
1553308
1553321
1553327
1553335
1553375
1553384
1553410
1553444
1553454
1553492
1553527
1553541
1553558
1553581
1553585
1553596
1553604
1553620
1553642
1553661
1553669
1553722
1553746
1553828
1553830
1553959
1553965
1554070
1554086
1554147
1554160
1554211
1554221
1554333
1554363
1554369
1554466
1554473
1554621
1554674
1554694
1554702
1554738
1554816
1554821
1554829
1554833
1554834
1554836
1554846
1554862
1554867
1554886
1554887
1554888
1554893
1554929
1554960
1554980
1555004
1555011
1555035
1555038
1555044
1555092
1555100
1555105
1555111
1555114
1555136
1555144
1555205
1555321
1555365
1555407
1555470
1555578
1555605
1555749
1555814
1555946
1555952
1555986
1556099
1556108
1556113
1556243
1556255
1556329
1556401
1556863
1556935
1557100
1557244
1557446
1557683
1557706
1557713
1558050
1559925
1560002
1560094
1560421
1560721
1560778
1560868
1561308
1562094
1562173
1562208
1562255
1562284
1562340
1562385
1562698
1562705
1562835
1562872
1562920
1562999
1563028
1563050
1563062
1563097
1563124
1563132
1563174
1563177
1563190
1563196
1563199
1563351
1563790
1563884
1564638
1565135
1565260
1565367
1565382
1565399
1565413
1565464
1565920
1566206
1566231
1566323
1566584
1566604
1566637
1566646
1567848
1567939
1568085
1568118
1568205
1568395
1568398
1568404
1568411
1568413
1568419
1568425
1568432
1568451
1568846
1568897
1568956
1568963
1569046
1569366
1569851
1569863
1569881
1569883
1570091
1570115
1570117
1570233
1570516
1570531
1570612
1570793
1571039
1571301
1571342
1571605
1572497
1572842
1572864
1572990
1573214
1573332
1573344
1573461
1573475
1573506
1573521
1573524
1573528
1573555
1573577
1573593
1573679
1573922
1574753
1575261
1575321
1575351
1575515
1575799
1575814
1575890
1575967
1575977
1576210
1576260
1576358
1576414
1576486
1576916
1576923
1576936
1577153
1577359
1577532
1577596
1577660
1577701
1577945
1577975
1578019
1578061
1578078
1578093
1578205
1578209
1578214
1578588
1578598
1578600
1578742
1578755
1578777
1578798
1578860
1578878
1579189
1579202
1579447
1579909
1580519
1580564
1580578
1580585
1580605
1580608
1580618
1580891
1580942
1581062
1581081
1581104
1581158
1581677
1581728
1581744
1581812
1581831
1581838
1582382
1582420
1582428
1582514
1583061
1583126
1583184
1583277
1583378
1583418
1583437
1583444
1583448
1583460
1583513
1583544
1583548
1583568
1583780
1585284
1585380
1585466
1585538
1585635
1585701
1585709
1586328
1586477
1586485
1586505
1586521
1586570
1586994
1587209
1587290
1587317
1587331
1587338
1587401
1587616
1587913
1587916
1588056
1588092
1588220
1588282
1588311
1588324
1588327
1588349
1588485
1588505
1588514
1588529
1588713
1588778
1588830
1588847
1588949
1589115
1589287
1589643
1589683
1589700
1589744
1589752
1589770
1589871
1590665
1590719
1590733
1590784
1590799
1590867
1590910
1590964
1590965
1590968
1590998
1591037
1591785
1592474
1592477
1592594
1592624
1592691
1592761
1592989
1593117
1593406
1593420
1593530
1593537
1593600
1593632
1593705
1594006
1594081
1594153
1594318
1594366
1594371
1594424
1594566
1594607
1594695
1594814
1594828
1594837
1594857
1594861
1594915
1594919
1594931
1594941
1595005
1595009
1595023
1595063
1595068
1595095
1595103
1595116
1595120
1595142
1595158
1595162
1595174
1595180
1595199
1595217
1595259
1595306
1595352
1595380
1595389
1595400
1595409
1595449
1595474
1595495
1595605
1595619
1595626
1595647
1595831
1595857
1596033
1596065
1596156
1596501
1596514
1596560
1596611
1597183
1597201
1597296
1597301
1597304
1597460
1597567
1597622
1597687
1598139
1598195
1598215
1598299
1598303
1598321
1598368
1598545
1598655
1598825
1598855
1598915
1598933
1599142
1599188
1599285
1599287
1599446
1600206
1600213
1601050
1601053
1601089
1601120
1601134
1601140
1601153
1601157
1601181
1601223
1601456
1601464
1601508
1601560
1601573
1601736
1602045
1602106
1602152
1602155
1602189
1602197
1602281
1602337
1602421
1602437
1603394
1603402
1603407
1603681
1603700
1603774
1603779
1603785
1603823
1604031
1605006
1605021
1605038
1605091
1605121
1605151
1605179
1605246
1605403
1605418
1605435
1605540
1605546
1605569
1605608
1605683
1605717
1605871
1605914
1605925
1605953
1606026
1606044
1606084
1606716
1606851
1606856
1606922
1606956
1606996
1607076
1607245
1607318
1607645
1608223
1608353
1608394
1608402
1608497
1608541
1608745
1609542
1609995
1610168
1610221
1611456
1611772
1612138
1612242
1612359
1612604
1612616
1612675
1612747
1613134
1613311
1613656
1613772
1614219
1614291
1614358
1614380
1614394
1614683
1615464
1615482
1615774
1615988
1616479
1616546
1616689
1616757
1616937
1617115
1617497
1617649
1617693
1617785
1617808
1617875
1617958
1618309
1618411
1618450
1618487
1618576
1618891
1619145
1619361
1619373
1619396
1619430
1619460
1619478
1619611
1619699
1619894
1619983
1620211
1620688
1621396
1621865
1622145
1622149
1622158
1622159
1622166
1622345
1622567
1622583
1622599
1622615
1622658
1622685
1622796
1622936
1622979
1623038
1623042
1623056
1623100
1623124
1623170
1623177
1623182
1623200
1623221
1623225
1623231
1623245
1623249
1623263
1623277
1623292
1623296
1623324
1623354
1623468
1623571
1623592
1623816
1623877
1623972
1624036
1624090
1624098
1624135
1624165
1624274
1624456
1624905
1625351
1625371
1625397
1625403
1625450
1625991
1626224
1626315
1626319
1626362
1627962
1627967
1627975
1627983
1627994
1628003
1628021
1628028
1628042
1628049
1628289
1628889
1628910
1628950
1629013
1629286
1629614
1631098
1631113
1631150
1631180
1631242
1631279
1631315
1631357
1631463
1631466
1631622
1631634
1631683
1631718
1631721
1631728
1631777
1631793
1631959
1631989
1632045
1632048
1632051
1632059
1632086
1632113
1632120
1632122
1632179
1632221
1632225
1632229
1632245
1632255
1632286
1632309
1632338
1632370
1632375
1632446
1632459
1632461
1632523
1632544
1632581
1632634
1632879
1632883
1632884
1632910
1633348
1633472
1633495
1633589
1633849
1633903
1633937
1634181
1634560
1634566
1634577
1634654
1634676
1634774
1634841
1634899
1634901
1634933
1635472
1635712
1635862
1635976
1636513
1636592
1636760
1636880
1636967
1637013
1637287
1637325
1637492
1637632
1637635
1637732
1637854
1638200
1638218
1638279
1638292
1638360
1638374
1638390
1638597
1638988
1639231
1639515
1639682
1639760
1639822
1639846
1639875
1639898
1639944
1639964
1640035
1640045
1640049
1640065
1640067
1640087
1640776
1641188
1641515
1641633
1641673
1641820
1641958
1642394
1642445
1643441
1645451
1645694
1646975
1647138
1647381
1647435
1647461
1647503
1647835
1648136
1648465
1648899
1649556
1649565
1649571
1649585
1650313
1650838
1650857
1650908
1651126
1651187
1651209
1651255
1651405
1651430
1651525
1651799
1651847
1651877
1652063
1652212
1652274
1652347
1652371
1652407
1652991
1653175
1653558
1654928
1655779
1655858
1656018
1656115
1656153
1656186
1656209
1656313
1656337
1656376
1656384
1656438
1656449
1656464
1656585
1656888
1657498
1657781
1657840
1657845
1657852
1658957
1658966
1659080
1659094
1659104
1659167
1659245
1659278
1660045
1660319
1660434
1660466
1660545
1660674
1661032
1661451
1661550
1661602
1661610
1661938
1661960
1661966
1661975
1663581
1663828
1663868
1663904
1664505
1665705
1665745
1666065
1666215
1666256
1666302
1666315
1666352
1666570
1666756
1666762
1667075
1667105
1667249
1668078
1668108
1668617
1669041
1669053
1669205
1669261
1669425
1669479
1669519
1669856
1670212
1670250
1670281
1670312
1670451
1670504
1670558
1670575
1670584
1670610
1670622
1670707
1670720
1670940
1670994
1671056
1671356
1671385
1671562
1671632
1671671
1671676
1671925
1672004
1672192
1672348
1672405
1672492
1672502
1672547
1673057
1673412
1673433
1673441
1673476
1673737
1673807
1673899
1673909
1673973
1674013
1674056
1674095
1674127
1674139
1674655
1675370
1675420
1675713
1675720
1675832
1675969
1675987
1675990
1676036
1676049
1676063
1676076
1676316
1676384
1676392
1676416
1676424
1676433
1676536
1676547
1676551
1676557
1676568
1676574
1676578
1676600
1677099
1677107
1677247
1677470
1677485
1677505
1677968
1678420
1679392
1679430
1679462
1679479
1680490
1681054
1681124
1681155
1681181
1681211
1681247
1683067
1683285
1683331
1683708
1683709
1683710
1683717
1683815
1683909
1683917
1683918
1683921
1683928
1683952
1683971
1684059
1684326
1684335
1684419
1685188
1685274
1685280
1685298
1685536
1685548
1685600
1685944
1686202
1686243
1687504
1687557
1687559
1687739
1688014
1688020
1688029
1688384
1688979
1690276
1690429
1690432
1690685
1690687
1692361
1692407
1692898
1693482
1694185
1694201
1694547
1695052
1695061
1695266
1695282
1695297
1695309
1698816
1699438
1699466
1699474
1699491
1699607
1699642
1699720
1699913
1700023
1700141
1700285
1700310
1700323
1700335
1700344
1700841
1701064
1701343
1701365
1702101
1702615
1703254
1703295
1703325
1703332
1703827
1704118
1704142
1704146
1704195
1704872
1705589
1705703
1707320
1707853
1707875
1707910
1708162
1708228
1708251
1708286
1708318
1708333
1708384
1708459
1708512
1708530
1708567
1708601
1708667
1709422
1710463
1710561
1710742
1710747
1710755
1710774
1710802
1710835
1710900
1710920
1710942
1710945
1710962
1710971
1710986
1710995
1711091
1711704
1713120
1713300
1713302
1713317
1713389
1713418
1713668
1714140
1716128
1716142
1716173
1716406
1716462
1716590
1717828
1717878
1718308
1718616
1718794
1719197
1719204
1720967
1721001
1721102
1722089
1722140
1722283
1722299
1722903
1723022
1723405
1723410
1723948
1724050
1724091
1724098
1728586
1728965
1729305
1730978
1731263
1731598
1731820
1731826
1731837
1731858
1731860
1732063
1732072
1732416
1732452
1732456
1732521
1732565
1732662
1732680
1732685
1732697
1733258
1733484
1733620
1734453
1734704
1734826
1735532
1735818
1735827
1735839
1735844
1735847
1735850
1735855
1736377
1736411
1736412
1736425
1736447
1736484
1736485
1736499
1736503
1736504
1736511
1736512
1736514
1736528
1736529
1736530
1736560
1736565
1736567
1736574
1736601
1736623
1736727
1736800
1736898
1736904
1736905
1736906
1736945
1737342
1737368
1737406
1737413
1737437
1737466
1737491
1737497
1737509
1737524
1737526
1737533
1737542
1737552
1737650
1737716
1737753
1737761
1737770
1737775
1737776
1737783
1737796
1737816
1737850
1737893
1737924
1737963
1737966
1738050
1738144
1738154
1738163
1738222
1738245
1738301
1738317
1738334
1738337
1738373
1738422
1738429
1738433
1738440
1738463
1738501
1738509
1738514
1738530
1738687
1738700
1738722
1738739
1738771
1738777
1738790
1738794
1738798
1738818
1738819
1738829
1738839
1738883
1739042
1739043
1739072
1739077
1739120
1739128
1739151
1739272
1739284
1739290
1739337
1739353
1739377
1739381
1739449
1739451
1739461
1739471
1739495
1739605
1739748
1739775
1739788
1739797
1739816
1739819
1739833
1739866
1739891
1739919
1739922
1739931
1739980
1739999
1740005
1740069
1740120
1740155
1740174
1740183
1740185
1740271
1740305
1740374
1740392
1740518
1740533
1740567
1740570
1740623
1740762
1741056
1741147
1741164
1741253
1741258
1741340
1741341
1741368
1741545
1741551
1741590
1741593
1741608
1741611
1741615
1741633
1741634
1741667
1741725
1741748
1741752
1741756
1741765
1741771
1741820
1742106
1742142
1742185
1742263
1742346
1742371
1742402
1743196
1743344
1743453
1743454
1743475
1743532
1743546
1743560
1743564
1743567
1743588
1743604
1743609
1743613
1743615
1743619
1743641
1743643
1743705
1743710
1743714
1743730
1743768
1743770
1743775
1743828
1743856
1743862
1743867
1743898
1744071
1744136
1744180
1744224
1744416
1744498
1744509
1744526
1744541
1744542
1744544
1744588
1744593
1744658
1744693
1744699
1744709
1744714
1744728
1744731
1744739
1744742
1744748
1744763
1744777
1744782
1744785
1744789
1744808
1744810
1744822
1744829
1744835
1744859
1744860
1744869
1744893
1744896
1744901
1745027
1745079
1745131
1745164
1745341
1745558
1745561
1745579
1745600
1745623
1745630
1745634
1745636
1745643
1745646
1745650
1745659
1745676
1745678
1745683
1745700
1745705
1745724
1745725
1745737
1745756
1745762
1745771
1745781
1745787
1745788
1745816
1745827
1745830
1745845
1745925
1746020
1746027
1746103
1746174
1746413
1746440
1746613
1746644
1746662
1746666
1746689
1746775
1746832
1746854
1746856
1746876
1746910
1747050
1747141
1747234
1747237
1747549
1747558
1747560
1747738
1747809
1747815
1747833
1747842
1748203
1748456
1748720
1748805
1748890
1748922
1748942
1749043
1749050
1749070
1749105
1749146
1749158
1749162
1749164
1749190
1749192
1749199
1749210
1749282
1749449
1749531
1749573
1749580
1749596
1749608
1749612
1749635
1749650
1749661
1749695
1749713
1749744
1749762
1749766
1749775
1749801
1749846
1749856
1749862
1749869
1749880
1749883
1749894
1749901
1749904
1749908
1749921
1749929
1749936
1749943
1749948
1749954
1749971
1749975
1750034
1750046
1750051
1750056
1750072
1750076
1750097
1750100
1750106
1750110
1750122
1750130
1750131
1750136
1750143
1750144
1750157
1750159
1750166
1750222
1750226
1750230
1750244
1750256
1750281
1750286
1750288
1750317
1750326
1751051
1751207
1751209
1751216
1751220
1751236
1751265
1751268
1751284
1751290
1751298
1751337
1751353
1751368
1751427
1751457
1752383
1754183
1754332
1758878
1759055
1759069
1759079
1759097
1759153
1759159
1759407
1759597
1759606
1759620
1759661
1759667
1759668
1759673
1760104
1760246
1760620
1760857
1760867
1760887
1760891
1761041
1761392
1761438
1761735
1761865
1762244
1762358
1762383
1762608
1762680
1763072
1763610
1763697
1763701
1764174
1764531
1764673
1764986
1764987
1765011
1765017
1765038
1765044
1765069
1765073
1765604
1765751
1765767
1765954
1766086
1766128
1766130
1766131
1766137
1766144
1766210
1766274
1766418
1766510
1766646
1766709
1766718
1766721
1766734
1766741
1766771
1766773
1766784
1766814
1766823
1767511
1767597
1767608
1767622
1767625
1767655
1767674
1768117
1768150
1768308
1768341
1768626
1768702
1768722
1768727
1768729
1768735
1768741
1768749
1768771
1768781
1768815
1768819
1768845
1769029
1769057
1769103
1769505
1769543
1769566
1769897
1769958
1770150
1770307
1770308
1770322
1770353
1770416
1770477
1770530
1770573
1770772
1770773
1770821
1770869
1770875
1770880
1770946
1771023
1771143
1771163
1771204
1771214
1771245
1771385
1771429
1771509
1771531
1771634
1771698
1771772
1771779
1771986
1771997
1772169
1772179
1772255
1772793
1772822
1772940
1772956
1773062
1773161
1773231
1773309
1773313
1773328
1773377
1773381
1773484
1773493
1773500
1773504
1773572
1773901
1773904
1774272
1774283
1774285
1774334
1774347
1774859
1774878
1774959
1775112
1775165
1775172
1775299
1775301
1775329
1775796
1775891
1775926
1776207
1776330
1776371
1776619
1776862
1777253
1777289
1777517
1777631
1778074
1778127
1778143
1778517
1778524
1778596
1778644
1779258
1779334
1779399
1779435
1779641
1779690
1780149
1780150
1780378
1780926
1780928
1780954
1781008
1781016
1781694
1782319
1782560
1782579
1782615
1782627
1782672
1782726
1782727
1782777
1782803
1782841
1782927
1782948
1783016
1783037
1783090
1783777
1783855
1783882
1783971
1784349
1784359
1784812
1784824
1784826
1784843
1784853
1785024
1785181
1785185
1785286
1785361
1785887
1785888
1785895
1785935
1786017
1786515
1786619
1786658
1786902
1786931
1786936
1786980
1786985
1787064
1787112
1787213
1787400
1787417
1787504
1787564
1787590
1787610
1787631
1787697
1787751
1787770
1787825
1787859
1787905
1787976
1787978
1788425
1788522
1788553
1788635
1788917
1789071
1789073
1789076
1789086
1789103
1789250
1789255
1789267
1789273
1789350
1789359
1789363
1789403
1789481
1789491
1789553
1789580
1789694
1789695
1789730
1789738
1789745
1789753
1789755
1789783
1789785
1789840
1789849
1789957
1789982
1790062
1790153
1790361
1790364
1790625
1790651
1790671
1790692
1790816
1791132
1791384
1791422
1791784
1791846
1792061
1792210
1792292
1792300
1792335
1792375
1792377
1792379
1792383
1792390
1792410
1792411
1792426
1792446
1792485
1792645
1792768
1792778
1793877
1794351
1794361
1794532
1794590
1794599
1794609
1795180
1795215
1795236
1795356
1795848
1795854
1795896
1795900
1795914
1795930
1795946
1795957
1796007
1796117
1796139
1796145
1796169
1796183
1796188
1796217
1796418
1796423
1796451
1796463
1796643
1796666
1796678
1797178
1797258
1797276
1797303
1797333
1797349
1797454
1797479
1797527
1797542
1798346
1798372
1798408
1798449
1798481
1798504
1798594
1798802
1798807
1798916
1798931
1798971
1798974
1798984
1799132
1799135
1799701
1799708
1799799
1800004
1800032
1800145
1801051
1801896
1802280
1803012
1803060
1803073
1803163
1803824
1804071
1804906
1805126
1805155
1805535
1807969
1808752
1809210
1810099
1812394
1813114
1814552
1814653
1819145
1819268
1819699
1819873
1819928
1819941
1820039
1820372
1820406
1821856
1822120
1822346
1822587
1822613
1822787
1822796
1822819
1822830
1823604
1823726
1824113
1824129
1824131
1825064
1825077
1825083
1825156
1825176
1825539
1825971
1825983
1826022
1827125
1827645
1828162
1828637
1829322
1829326
1829363
1829479
1829533
1829588
1829752
1829776
1829785
1829799
1829823
1829952
1829974
1829975
1830122
1830125
1830131
1830135
1830143
1830144
1830147
1830152
1830153
1830181
1830183
1830186
1830206
1830207
1830209
1830241
1830243
1830257
1830262
1830266
1830271
1830282
1830334
1830372
1830374
1830407
1830408
1830410
1830457
1830498
1830534
1830537
1830582
1830584
1830632
1830802
1830804
1830823
1830838
1830843
1830879
1830886
1830937
1830962
1831002
1831009
1831104
1831128
1831133
1831148
1831168
1831643
1831736
1831752
1831780
1831861
1831863
1831890
1832693
1832807
1832819
1832840
1832845
1832852
1832853
1832862
1832871
1832896
1832915
1832923
1832927
1832936
1832953
1832989
1832998
1832999
1833004
1833084
1833096
1833105
1833108
1833123
1833131
1833153
1833156
1833159
1833167
1833169
1833500
1833626
1833627
1834589
1835031
1835156
1835369
1835393
1835396
1835407
1835422
1835432
1835433
1835456
1835457
1835953
1836890
1836899
1837172
1837343
1837356
1837360
1837391
1837404
1837410
1837412
1837418
1837420
1837429
1837430
1837449
1837457
1837464
1837493
1838228
1838232
1838676
1838691
1838811
1838838
1838905
1838911
1838969
1839094
1839770
1839774
1839851
1839878
1839893
1839895
1840297
1840301
1840302
1840306
1840316
1840345
1840346
1840348
1840360
1840371
1840376
1840380
1840391
1840408
1840452
1840478
1840483
1840485
1840487
1840502
1840528
1840555
1840566
1840570
1840580
1840581
1840596
1840621
1840631
1840650
1841153
1841158
1841159
1841261
1841296
1841432
1841460
1841582
1841603
1841616
1841637
1841666
1841675
1841706
1841751
1841754
1841798
1841813
1841821
1841833
1841963
1841989
1842097
1842186
1842190
1842196
1842485
1842542
1842636
1842690
1842695
1843705
1845270
1845337
1845368
1845548
1845565
1845567
1845607
1845724
1845825
1845866
1845952
1845962
1845965
1845982
1846107
1846111
1846117
1846133
1846141
1846145
1846149
1846159
1846166
1846210
1846219
1846236
1846374
1846381
1846436
1846604
1846643
1846645
1846657
1846663
1846683
1846689
1846691
1846696
1846715
1846724
1846729
1846779
1846916
1847061
1847097
1847108
1847111
1847371
1847407
1847546
1847558
1847566
1847572
1847610
1847640
1847727
1847773
1847956
1848150
1848151
1848202
1848219
1848273
1848277
1848314
1848356
1848378
1848426
1848596
1848610
1848636
1848657
1848669
1848672
1848686
1848690
1848699
1848713
1848714
1848717
1848730
1848741
1848747
1848753
1848841
1848847
1848855
1848861
1848864
1848868
1848886
1848892
1848920
1848950
1849104
1849209
1849267
1849273
1849274
1849279
1849284
1849294
1849477
1849480
1849531
1849539
1849552
1849630
1849690
1849717
1849742
1849758
1849764
1849856
1849897
1849924
1849945
1849959
1849966
1850008
1850011
1850026
1850028
1850029
1850038
1850044
1850045
1850047
1850076
1850077
1850085
1850087
1850094
1850106
1850108
1850110
1850114
1850127
1850238
1850243
1850246
1850256
1850265
1850278
1850279
1850335
1850377
1850386
1850394
1850450
1850460
1850497
1850506
1850522
1850533
1850538
1850570
1850605
1850640
1850781
1850792
1850815
1850822
1850827
1850872
1850878
1850971
1850998
1851000
1851010
1851011
1851203
1851220
1851240
1851282
1851337
1851347
1851409
1851555
1851616
1851717
1851718
1852118
1852139
1852147
1852150
1852159
1852165
1852177
1852190
1852311
1852430
1852751
1852787
1852831
1852832
1852871
1852926
1852956
1852978
1853037
1853064
1853066
1853079
1853467
1853542
1853587
1853593
1853723
1853800
1854202
1854237
1854259
1854287
1854347
1854457
1854504
1854792
1854824
1854849
1854871
1855235
1855452
1855617
1855620
1855799
1856005
1856023
1856105
1856130
1856289
1856384
1856431
1856440
1856494
1856503
1856595
1856620
1856637
1856641
1856658
1856663
1856665
1856668
1856684
1856686
1856691
1856701
1856730
1856768
1856772
1856867
1856893
1856909
1857068
1857143
1857577
1857581
1857626
1857828
1857829
1857847
1857856
1857863
1857878
1858074
1858100
1858107
1858113
1858163
1858212
1858321
1858531
1858598
1858637
1858641
1858674
1858698
1858739
1858762
1858765
1858775
1858778
1858820
1858857
1858868
1858873
1858893
1858930
1859046
1859063
1859068
1859100
1859143
1859144
1859146
1859177
1859285
1859305
1859388
1859421
1859471
1859480
1859483
1859487
1859488
1859534
1859872
1859884
1859952
1859990
1860026
1860063
1860071
1860072
1860076
1860108
1860408
1860621
1860628
1860659
1860664
1860668
1860671
1860688
1860709
1860711
1860749
1860765
1860767
1860768
1860852
1860857
1860873
1860895
1860964
1860967
1860979
1860983
1860987
1861006
1861011
1861031
1861205
1861210
1861213
1861251
1861331
1861395
1861510
1861644
1861673
1861797
1861862
1862293
1862401
1862578
1862580
1862686
1862701
1862719
1862765
1862774
1862837
1862894
1864161
1864358
1864377
1864652
1866356
1867820
1867928
1869450
1869467
1869472
1869478
1869489
1869505
1869512
1869595
1869656
1869803
1869852
1869858
1869909
1869976
1870202
1870249
1870250
1870450
1870650
1870988
1871160
1871211
1871217
1871252
1871267
1871407
1871426
1871451
1871683
1871698
1871783
1871826
1871969
1872315
1872368
1872848
1872901
1872904
1873048
1873051
1873215
1873411
1873721
1873776
1873780
1873783
1873890
1873903
1873904
1873913
1873919
1874168
1874192
1874204
1874221
1874229
1874269
1874278
1874280
1874295
1874375
1874728
1874743
1874959
1875008
1875037
1875120
1875327
1875330
1875376
1875409
1875425
1875429
1875467
1875511
1875633
1875682
1875687
1875827
1875830
1875865
1875869
1875896
1875918
1875930
1875940
1875952
1875958
1876153
1876329
1876357
1876409
1876512
1876514
1876528
1876542
1876623
1876854
1876941
1877032
1877035
1877038
1877090
1877106
1877310
1877341
1877345
1877368
1877941
1877986
1877988
1878067
1878197
1878344
1878350
1878470
1878471
1878490
1878500
1878586
1878589
1878763
1878782
1878798
1878802
1878804
1878858
1878862
1878879
1878895
1878907
1878939
1878944
1878951
1879001
1879227
1879408
1879427
1879452
1879471
1879522
1879534
1879539
1879630
1879655
1879691
1879703
1879731
1879735
1879765
1879970
1880062
1880064
1880094
1880104
1880139
1880140
1880143
1880679
1880818
1880907
1880931
1881122
1881151
1881208
1881210
1881214
1881218
1881246
1881362
1881393
1881404
1881418
1881421
1881456
1881603
1881834
1882043
1882060
1882126
1882158
1882165
1882210
1882437
1882459
1882557
1882580
1882729
1882884
1882905
1882965
1883063
1883067
1883124
1883161
1883168
1883226
1883386
1884051
1884212
1884240
1884254
1884255
1884273
1884274
1884280
1884299
1884306
1884312
1884329
1884331
1884332
1884333
1884365
1884370
1884381
1884403
1884465
1884676
1884970
1885529
1885931
1885937
1886084
1886251
1886579
1886587
1886648
1886951
1887108
1887122
1887173
1887177
1887178
1887290
1887626
1887701
1888484
1888579
1888619
1888733
1888743
1888745
1888759
1888826
1889287
1889833
1889905
1889942
1890065
1890187
1890213
1890522
1890534
1890540
1890576
1890656
1890658
1890670
1890679
1890699
1890701
1890703
1890772
1890776
1890823
1890898
1890957
1890975
1891013
1891059
1891167
1891168
1891171
1891177
1891186
1891190
1891198
1891217
1891227
1891326
1891386
1891426
1891453
1891473
1891493
1891494
1892242
1892245
1892476
1893137
1894268
1894714
1894840
1896841
1896957
1898286
1898521
1898544
1899349
1901850
1902169
1902182
1902533
1902749
1905383
1906552
1909398
1909838
1911093
1911112
1911168
1911182
1911278
1911461
1912325
1912372
1912395
1913175
1913328
1913351
1916410
1916458
1916554
1918632
1918669
1918776
1918859
1918868
1919317
1919325
1919698
1919712
1920218
1920237
1920258
1920259
1920491
1920494
1920496
1920506
1920512
1920709
1920712
1920851
1920864
1921590
1922197
1922311
1922343
1922406
1922584
1922937
1923019
1923796
1924097
1924494
1924713
1925221
1925233
1925454
1925918
1925962
1926054
1926260
1926324
1926385
1926861
1928248
1928945
1929270
1929659
1929697
1930110
1931179
1931779
1931788
1932393
1932411
1932551
1932752
1932960
1932976
1933095
1933126
1933138
1933163
1933793
1934693
1938050
1938131
1938214
1938331
1938520
1938810
1938955
1939427
1939432
1939449
1939641
1939646
1939658
1939677
1939680
1939688
1939717
1939879
1940504
1940508
1940510
1940521
1940523
1940575
1940597
1940598
1940614
1940639
1940644
1940682
1940701
1940717
1940744
1940768
1940807
1940821
1940838
1941318
1941330
1941348
1941349
1941377
1941380
1941437
1941864
1943397
1945569
1947335
1949715
1949784
1949794
1949852
1949877
1949929
1949938
1949989
1951557
1951649
1951713
1951725
1952014
1952062
1952130
1952229
1952449
1952532
1952806
1952812
1952816
1954490
1954563
1955479
1955484
1955694
1955883
1956440
1956524
1956599
1956710
1957266
1957300
1957565
1957570
1957572
1957579
1957611
1957628
1957632
1957673
1957706
1957718
1957746
1957791
1957816
1957822
1957845
1957852
1957854
1958024
1958065
1958323
1958515
1959383
1959395
1959423
1959436
1959460
1959467
1959728
1959735
1959876
1959914
1959919
1960617
1961013
1961037
1961040
1961068
1961190
1961378
1962204
1962265
1962268
1962434
1962516
1962584
1962860
1962961
1962972
1962990
1963011
1963157
1963168
1963306
1963446
1963463
1963755
1964189
1964191
1964195
1964471
1964637
1964650
1964653
1964657
1964836
1965166
1965197
1965208
1965345
1965629
1965640
1965763
1965777
1965795
1965825
1965841
1965913
1966017
1966351
1966358
1966854
1966886
1967006
1967011
1967143
1967245
1967265
1967273
1967597
1967803
1967815
1967873
1968206
1968356
1968678
1968686
1968837
1968867
1968990
1969106
1969291
1969339
1969463
1969954
1969958
1970213
1970227
1970243
1970259
1970284
1971850
1971858
1971888
1972120
1972146
1972185
1972187
1972234
1972250
1972278
1972342
1972374
1972377
1972434
1973323
1973327
1973414
1973467
1975341
1975546
1975553
1975571
1975733
1975793
1975897
1975903
1976163
1976993
1977003
1977007
1977020
1977068
1977967
1977971
1978056
1978065
1978114
1978375
1978445
1978776
1978821
1979308
1979430
1979473
1979781
1980521
1981696
1981998
1982383
1982404
1982406
1982458
1982500
1982526
1982529
1982533
1982542
1982592
1982596
1982636
1982671
1982746
1982770
1982790
1982791
1982838
1982867
1982878
1982885
1982918
1982924
1982972
1983000
1983034
1983039
1983052
1983088
1983101
1983138
1983160
1983170
1983171
1983182
1983190
1983209
1983239
1983260
1983288
1983387
1983393
1983441
1983442
1983468
1983525
1983528
1983535
1983558
1983616
1983645
1983648
1983694
1983755
1983756
1983758
1983810
1983878
1983888
1983896
1983922
1983967
1983988
1983999
1984033
1984038
1984070
1984117
1984734
1984942
1984949
1984954
1985522
1985734
1985742
1985760
1986052
1986056
1986157
1986166
1986171
1986220
1986250
1986367
1986452
1986522
1986575
1986877
1987527
1987578
1987650
1987737
1987744
1988007
1988019
1988064
1988390
1988504
1988506
1988592
1988593
1988602
1988642
1988684
1988762
1988881
1989428
1989594
1990066
1990150
1990205
1990533
1990551
1990582
1991179
1991371
1991846
1992066
1992368
1992372
1992378
1992504
1992532
1993419
1994767
1996207
1996230
1997215
1997400
1998083
1998104
1998119
1998169
1998178
1998936
2000152
2000204
2000796
2001448
2001474
2001499
2001502
2001671
2001771
2001853
2001857
2001864
2001871
2001876
2001929
2001945
2001947
2001953
2001954
2001966
2001976
2001985
2002093
2002691
2002879
2002881
2002999
2003049
2003192
2003206
2003232
2003247
2003262
2003270
2003288
2003462
2003497
2003529
2003532
2003537
2003559
2003833
2003855
2003969
2003977
2004039
2004096
2004106
2004134
2004431
2004434
2004508
2004674
2005247
2006704
2006853
2007015
2007064
2007097
2007223
2007244
2007366
2007622
2007626
2007665
2007673
2007781
2007803
2007808
2007862
2007917
2007918
2007964
2008073
2008074
2008079
2008087
2008090
2008130
2008145
2008205
2008235
2008248
2008269
2008315
2008320
2008322
2008338
2008516
2008601
2008616
2008618
2008621
2008840
2008865
2008866
2008878
2008880
2008891
2008893
2008895
2008899
2008905
2008972
2009122
2009127
2009151
2009189
2009226
2009240
2009275
2009281
2009321
2009421
2009430
2009435
2009456
2009591
2009595
2009601
2009625
2009710
2009726
2009744
2009850
2009952
2010019
2010026
2010035
2010036
2010037
2010055
2010078
2010164
2010165
2010223
2010226
2010261
2010263
2010575
2010931
2010951
2010952
2010971
2010988
2011062
2011069
2011075
2011081
2011121
2011134
2011227
2011230
2011270
2011276
2011308
2011329
2011339
2011412
2011425
2011487
2011491
2011525
2011534
2011538
2011597
2011614
2011646
2011695
2011697
2011797
2011934
2011990
2012008
2012110
2012126
2012130
2012132
2012137
2012147
2012158
2012232
2012262
2012298
2012445
2012447
2012511
2012516
2012536
2012832
2012846
2012879
2012888
2012891
2012917
2012920
2012925
2012934
2012947
2012955
2012974
2012976
2012999
2013023
2013034
2013045
2013056
2013063
2013068
2013085
2013104
2013117
2013203
2013288
2013501
2013536
2013558
2013572
2013576
2013578
2013668
2013702
2013739
2013769
2013785
2013844
2013845
2013849
2013904
2013907
2013910
2013998
2014023
2014031
2014198
2014262
2014328
2014352
2014367
2014649
2014657
2014663
2014676
2014679
2014683
2014692
2014703
2014714
2014719
2014765
2015337
2015789
2016038
2016232
2016266
2017811
2018510
2018539
2018563
2020065
2020085
2020153
2020213
2020263
2020325
2020352
2020450
2020518
2020522
2020551
2020590
2020591
2020607
2020655
2020671
2020686
2020688
2020689
2020690
2020698
2020732
2020733
2020734
2020737
2020740
2020779
2020782
2020817
2020818
2020826
2020832
2020844
2020846
2020855
2020879
2020894
2020897
2020904
2020923
2020971
2020991
2021010
2021041
2021054
2021062
2023121
2024219
2024221
2024960
2025168
2025246
2025887
2026035
2026086
2026125
2026152
2026173
2026242
2026532
2026880
2026959
2027366
2027607
2028442
2028656
2028895
2029056
2029067
2029134
2029144
2029186
2029198
2029213
2029273
2029281
2029290
2029392
2029464
2029493
2029788
2029899
2029993
2029995
2030346
2030349
2030420
2031228
2031778
2031977
2032508
2032960
2033064
2033077
2033115
2033319
2033365
2033391
2033578
2034451
2034494
2034714
2034731
2034751
2034756
2035051
2036052
2036109
2036304
2036494
2037925
2037991
2038171
2039196
2039229
2039296
2039452
2039464
2039616
2039619
2039800
2040170
2040425
2040612
2041529
2041682
2042177
2042185
2042749
2042862
2043322
2043501
2043586
2043723
2044135
2044330
2045436
2045459
2045715
2046028
2046675
2047557
2047603
2047629
2047671
2047706
2048431
2048600
2048613
2048658
2048889
2048896
2048955
2049024
2049126
2049162
2049296
2049340
2049370
2049512
2049590
2049607
2049608
2049651
2049661
2049681
2049688
2049722
2049732
2049747
2049804
2049880
2049918
2050012
2050067
2050173
2050200
2050224
2050239
2050273
2050575
2051491
2051506
2051509
2051533
2051535
2052923
2052971
2053954
2054167
2054367
2054630
2054705
2054753
2055185
2055960
2056058
2056380
2056596
2056661
2056682
2056701
2056749
2056751
2056758
2056866
2056867
2057177
2057876
2057937
2057942
2059118
2059300
2059521
2060731
2064405
2064632
2065022
2065036
2065038
2068870
2069276
2069283
2069307
2069310
2069318
2069321
2069382
2069398
2069467
2069477
2069487
2069504
2069529
2069549
2069572
2069603
2069631
2069640
2069711
2069713
2069733
2069750
2069809
2069820
2069833
2069916
2069933
2069941
2069944
2069955
2069964
2069967
2069987
2070005
2070011
2070016
2070055
2070105
2070133
2070150
2070153
2070165
2070170
2070177
2070215
2070252
2070275
2070284
2070288
2070292
2070310
2070331
2070353
2070426
2070445
2070446
2070459
2070469
2070473
2070504
2070521
2070534
2070551
2070566
2070570
2070578
2070619
2070629
2070648
2070692
2070705
2070739
2070741
2070752
2070788
2070808
2070817
2070841
2070855
2070879
2070895
2070912
2070914
2070916
2070934
2070962
2070972
2070973
2071015
2071019
2071020
2071172
2071177
2071187
2071200
2071247
2071264
2071268
2071290
2071300
2071309
2071320
2071341
2071438
2071453
2071485
2071528
2071530
2071540
2071545
2071589
2071613
2071614
2071618
2071622
2071624
2071628
2071634
2071640
2071674
2071680
2071689
2071691
2071724
2071728
2071746
2071794
2071843
2071853
2071907
2071934
2071941
2071966
2071987
2071999
2072015
2072034
2072037
2072039
2072061
2072064
2072068
2072078
2072087
2072123
2072137
2072143
2072150
2072152
2072167
2072178
2072183
2072238
2072257
2072287
2072288
2072294
2072298
2072300
2072302
2072308
2072311
2072316
2072323
2072331
2072350
2072355
2072357
2072362
2072384
2072387
2072388
2072400
2072404
2072418
2072427
2072434
2072439
2072441
2072449
2072460
2072469
2072483
2072491
2072502
2072507
2072554
2072557
2072579
2072583
2072586
2072590
2072603
2072622
2072648
2072677
2072688
2072709
2072725
2072752
2072756
2072761
2072770
2072792
2072793
2072795
2072814
2072836
2072837
2072851
2072955
2072983
2073024
2073062
2073121
2073141
2073146
2073178
2073206
2073214
2073291
2073345
2073362
2073366
2073401
2073431
2073469
2073494
2073520
2073544
2073560
2073659
2073667
2073728
2073744
2073761
2073778
2073782
2073792
2073918
2073925
2073934
2073941
2073947
2073950
2073987
2073990
2074065
2074114
2074115
2074116
2074138
2074171
2074180
2074213
2074228
2074273
2074287
2074329
2074362
2074364
2074379
2074419
2074420
2074434
2074450
2074456
2074462
2074488
2074498
2074561
2074586
2074603
2074609
2074659
2074692
2074696
2074753
2074776
2074787
2074803
2074814
2074826
2074837
2074840
2074851
2074869
2074879
2074908
2074911
2074930
2074941
2074954
2074961
2074978
2075005
2075010
2075012
2075020
2075029
2075031
2075046
2075048
2075051
2075063
2075079
2075103
2075108
2075109
2075178
2075189
2075199
2075205
2075206
2075223
2075225
2075239
2075245
2075266
2075269
2075274
2075283
2075297
2075304
2075312
2075322
2075337
2075370
2075484
2075487
2075500
2075673
2075679
2075685
2075687
2075691
2075709
2075747
2075749
2075757
2075763
2075764
2075780
2075788
2075790
2075791
2075812
2075813
2075824
2075887
2075889
2075921
2075936
2075938
2075954
2075966
2075983
2076026
2076028
2076066
2076076
2076087
2076109
2076161
2076170
2076179
2076192
2076196
2076211
2076218
2076228
2076229
2076239
2076248
2076260
2076273
2076280
2076281
2076292
2076336
2076350
2076356
2076361
2076371
2076375
2076388
2076419
2076432
2076447
2076448
2076486
2076491
2076497
2076498
2076511
2076533
2076577
2076617
2076673
2076678
2076686
2076705
2076745
2076778
2076827
2076842
2076847
2076859
2076861
2076866
2076949
2076980
2076990
2077000
2077096
2077113
2077119
2077132
2077134
2077143
2077150
2077173
2077209
2077222
2077238
2077246
2077247
2077248
2077250
2077273
2077302
2077332
2077408
2077411
2077429
2077430
2077443
2077460
2077463
2077464
2077471
2077491
2077495
2077501
2077503
2077518
2077522
2077576
2077580
2077637
2077656
2077684
2077705
2077707
2077731
2077734
2077736
2077737
2077747
2077777
2077797
2077829
2077847
2077900
2077948
2077950
2077959
2077967
2077982
2077985
2078062
2078166
2078187
2078220
2078243
2078254
2078259
2078278
2078312
2078313
2078315
2078350
2078368
2078397
2078477
2078480
2078481
2078485
2078502
2078544
2078547
2078550
2078589
2078621
2078781
2078815
2078821
2078842
2078852
2078942
2078996
2079123
2079151
2079176
2079190
2079252
2079253
2079261
2079270
2079533
2079661
2079923
2080100
2080592
2080613
2080938
2081268
2081329
2081377
2081589
2081658
2083383
2083463
2083838
2083970
2084175
2084221
2085166
2085182
2085213
2085554
2086623
2086833
2086988
2087134
2087308
2087440
2087459
2087616
2087921
2088123
2088435
2088481
2088910
2089006
2089086
2090121
2090221
2090375
2090482
2090526
2090576
2090694
2091348
2091537
2091803
2091932
2091951
2092040
2092051
2092242
2092339
2092435
2092472
2092746
2092925
2092927
2093073
2093213
2093222
2093294
2093900
2094340
2094580
2094616
2095283
2095578
2095666
2095714
2095770
2095942
2096154
2096173
2096180
2096212
2096644
2096647
2096837
2097040
2097056
2097523
2098131
2098490
2098526
2099479
2099512
2099528
2099578
2099589
2099693
2100386
2100405
2100670
2100826
2101110
2101324
2101384
2101516
2101634
2101719
2101799
2101979
2101986
2102037
2102064
2102150
2102180
2102238
2102293
2102319
2102427
2102545
2102584
2102740
2102886
2102897
2102976
2103078
2103083
2103096
2103121
2103138
2103147
2103182
2103431
2103436
2103805
2103956
2103965
2104131
2104141
2104157
2104217
2104271
2104580
2104651
2105360
2105632
2105909
2105923
2105943
2105962
2105987
2106036
2106057
2106092
2107724
2107889
2108491
2108856
2109176
2109189
2109893
2112425
2112558
2114155
2116777
2116783
2116800
2116814
2116860
2116884
2116908
2116910
2116989
2117007
2117021
2117023
2117035
2119537
2119903
2119934
2120081
2120177
2120343
2120368
2120372
2120380
2120418
2120510
2120539
2120565
2120616
2120633
2120704
2120794
2120796
2120805
2120806
2120818
2120828
2120833
2120836
2120882
2120892
2120899
2120911
2120918
2120964
2120979
2121008
2121093
2121101
2121159
2121210
2121303
2121341
2121372
2121380
2121447
2121452
2121532
2121593
2121891
2121936
2121952
2121989
2121994
2121999
2122004
2122029
2122079
2122146
2122151
2122212
2122214
2122282
2124726
2124911
2125803
2126023
2126861
2127181
2127270
2127303
2127646
2127745
2127752
2128084
2128482
2128495
2128502
2128559
2128763
2128801
2128809
2128838
2128890
2128991
2129330
2129352
2130185
2130256
2130276
2131302
2131787
2131788
2131797
2131838
2131874
2131880
2132150
2132216
2132317
2132389
2132428
2132448
2132469
2132697
2133019
2133054
2133200
2133275
2133316
2133358
2133375
2133453
2133462
2133541
2133542
2133593
2133633
2133637
2133779
2133812
2133840
2133883
2133896
2133917
2133930
2134013
2134053
2134055
2134068
2134104
2134107
2134177
2134207
2134295
2134305
2134310
2134314
2134389
2134510
2134514
2134523
2134541
2134613
2134627
2134699
2134735
2134738
2134739
2134741
2134774
2134778
2134780
2134791
2134798
2134829
2134854
2135177
2135191
2135263
2135304
2135362
2135375
2135385
2135387
2135442
2135460
2135461
2135515
2135623
2135653
2135654
2135658
2135758
2135939
2135959
2135962
2135963
2135968
2135969
2135973
2135986
2136022
2136031
2136050
2136055
2136112
2136175
2136185
2136190
2136309
2136313
2136609
2136628
2136652
2136734
2136895
2136937
2137084
2137109
2137146
2137155
2137289
2137309
2137333
2137346
2137354
2137357
2137370
2137372
2137387
2137414
2137539
2137608
2137627
2137635
2137710
2137716
2137734
2137735
2137760
2137765
2137822
2137834
2137859
2137888
2137898
2137903
2137933
2137975
2138039
2138295
2138321
2138341
2138356
2138383
2138438
2138457
2138546
2138562
2138569
2138688
2138707
2138856
2138914
2138915
2139092
2139120
2139331
2139488
2139576
2139587
2139653
2139709
2139933
2139961
2140235
2140598
2140927
2140929
2140934
2140957
2141040
2141093
2141242
2141339
2141379
2141571
2141593
2141617
2141622
2142065
2142177
2142418
2142456
2142516
2142533
2143864
2143869
2143871
2143910
2143922
2143994
2144109
2144159
2144170
2144211
2144236
2144246
2144290
2144463
2144779
2144965
2144971
2144975
2144994
2144999
2145001
2145078
2145207
2145289
2145798
2145815
2145852
2145870
2145989
2146072
2146075
2146140
2146174
2146178
2146185
2146194
2146241
2146260
2146287
2146302
2146311
2146343
2146459
2146584
2146739
2146783
2147136
2147147
2147155
2147162
2147168
2147172
2147221
2147273
2147274
2147310
2147322
2147335
2147386
2147391
2147433
2147434
2147438
2147452
2147461
2147469
2147505
2147916
2148022
2148033
2148040
2148660
2148705
2148794
2149679
2149784
2149847
2149937
2149992
2150764
2150951
2150955
2151103
2151120
2151125
2151132
2151134
2151378
2151391
2151597
2151598
2151599
2151723
2151727
2151743
2151755
2151758
2151783
2151859
2151897
2151931
2151964
2152911
2153001
2153284
2153287
2154523
2154561
2154595
2155761
2155807
2155831
2155832
2155847
2155867
2155881
2155893
2155895
2156124
2156125
2156152
2156266
2156267
2156268
2156452
2156537
2156677
2156710
2156774
2156810
2156903
2156940
2157203
2157233
2157242
2157245
2157249
2157278
2157402
2157522
2157547
2157837
2157858
2157860
2157862
2157921
2157968
2158015
2158051
2158055
2158075
2158077
2158176
2158180
2158202
2158248
2158381
2158382
2158384
2158385
2158387
2158404
2158607
2158735
2158806
2158809
2158811
2158851
2158854
2158998
2158999
2159061
2159193
2159204
2159205
2159207
2159209
2159393
2159398
2159420
2159464
2159474
2159482
2159658
2159661
2159735
2159867
2159883
2159970
2160067
2160133
2160151
2160179
2160258
2160397
2160405
2160408
2160409
2160943
2160984
2161221
2161223
2161229
2161710
2161871
2161872
2162049
2162464
2162503
2162537
2162903
2162924
2163236
2163546
2164096
2164128
2164140
2164198
2164353
2165027
2165052
2165055
2165083
2165095
2165168
2165222
2165224
2165228
2165253
2165264
2165357
2165383
2165401
2165513
2165630
2165951
2166114
2166135
2166432
2166678
2166686
2166725
2166782
2166830
2166838
2166866
2167203
2167210
2167454
2167489
2167496
2167500
2167513
2167566
2167646
2168243
2168298
2168302
2168338
2168363
2168452
2168489
2168522
2168693
2169044
2169064
2169069
2169223
2169369
2169430
2170210
2170221
2171142
2171214
2171624
2171712
2171782
2171879
2171882
2171914
2171923
2171925
2171960
2171966
2172037
2172063
2172103
2172282
2172347
2172356
2172374
2172382
2172404
2172523
2172545
2172595
2172623
2172720
2172721
2172729
2172846
2172885
2173162
2173177
2173221
2173232
2173236
2173245
2173277
2173353
2173545
2173575
2173864
2173887
2174189
2174528
2175047
2175367
2175666
2175861
2175869
2176103
2176684
2176692
2176858
2177741
2178745
2178891
2178904
2178930
2179068
2180357
2180363
2180376
2180378
2180431
2180494
2180496
2180531
2180595
2180668
2180708
2180711
2180714
2180882
2180908
2180922
2180929
2180932
2181166
2181188
2181245
2181902
2181915
2181930
2181958
2181959
2181973
2182032
2182405
2182580
2182588
2182671
2182943
2182959
2183078
2183432
2183597
2183986
2185010
2185549
2185651
2186348
2187178
2187387
2187862
2188241
2188249
2188267
2189600
2189664
2190295
2190928
2191056
2191858
2192176
2192193
2192194
2192437
2192465
2192623
2193279
2193906
2194255
2194313
2194655
2194785
2196016
2196764
2196782
2197856
2198070
2198656
2198943
2202347
2202566
2202641
2203608
2203611
2203614
2203639
2203670
2203675
2203676
2203684
2203729
2203734
2203739
2203750
2203769
2203804
2203834
2204981
2205012
2205017
2205040
2205089
2205092
2205116
2205951
2206086
2207562
2207630
2207855
2207872
2207918
2208051
2208081
2208095
2208194
2208212
2208230
2208363
2208367
2208537
2208741
2208749
2209044
2209068
2209087
2209169
2209179
2209232
2209401
2209413
2209418
2209507
2209541
2209874
2210110
2210111
2210957
2211235
2211255
2211277
2211355
2211403
2211487
2217982
2218531
2218560
2219853
2219867
2220347
2226990
2226998
2227203
2227300
2229538
2229662
2229742
2229835
2229853
2229915
2230072
2230106
2230166
2230181
2230215
2230413
2230514
2230973
2232819
2232952
2232987
2232992
2233024
2233051
2233552
2233599
2233622
2233674
2233687
2233732
2233761
2234420
2234572
2234578
2234579
2234587
2234596
2234607
2234665
2234757
2234809
2234812
2234824
2234860
2234886
2234897
2234971
2234979
2235029
2235033
2235037
2235041
2235058
2235100
2235262
2235300
2235343
2535739
2607515
2759421
3712917
4290041
4290201
4290685
4290691
4290694
4291035
4291057
4291142
4291199
4291528
4291553
4291704
4291970
4292058
4292059
4292170
4292171
4292492
4292668
4293134
4293822
4294542
4295338
4295420
4295479
4296342
4296346
4297429
4297461
4299368
4299370
4299535
4301036
4301334
4302252
4302268
4306872
4306932
4306938
4308780
4308786
4308787
4308789
4308790
4308800
4308804
4308806
4308809
4308811
4308815
4308830
4308837
4308838
4308841
4308843
4308848
4308856
4308862
4308873
4308883
4308890
4308903
4309705
4312658
4314683
4314748
4326928
4327382
4332426
4332806
4336118
4336780
4386085
4386522
4388412
4388489
4388497
4388619
4388623
4388646
4388663
4388683
4388686
4390072
4390078
4390084
4390139
4390313
4391506
4391510
4391527
4391539
4391547
4391557
4391587
4391597
4391608
4391641
4391663
4391683
4391703
4391739
4391843
4391852
4391857
4391858
4391859
4391866
4391872
4391874
4391940
4391944
4392193
4392756
4393009
4393018
4393070
4393083
4393146
4395043
4395145
4395849
4395918
4396308
4397408
4398301
4398640
4398741
4399039
4399517
4399604
4400379
4401192
4401285
4401299
4402825
4402877
4402879
4404556
4405024
4406368
4406799
4407901
4408059
4416652
4416706
4416871
4416980
4417378
4417392
4417403
4417444
4417542
4417555
4417558
4417628
4417700
4417718
4417721
4417771
4417798
4417815
4417941
4417993
4418468
4418549
4418808
4419532
4421212
4421219
4421222
4421304
4421485
4421909
4422446
4422452
4422635
4422649
4423165
4423350
4423367
4423423
4423428
4423552
4423577
4423588
4423592
4423640
4423762
4423780
4423794
4423801
4423834
4423853
4423874
4423878
4423882
4423883
4423886
4423887
4423890
4423950
4423972
4423980
4423984
4424002
4424026
4424054
4424075
4424138
4424152
4424164
4424183
4424185
4424186
4424190
4424220
4424236
4424251
4424254
4424307
4424326
4424336
4424408
4424425
4424438
4424449
4424455
4424478
4424482
4424494
4424504
4424568
4424587
4424594
4424603
4424612
4424707
4424718
4424726
4424759
4424766
4424776
4424823
4425587
4425589
4425594
4425665
4425804
4425839
4425895
4426163
4426193
4426206
4426252
4426480
4426506
4426507
4426752
4426758
4426813
4426887
4426946
4427016
4427163
4427193
4427204
4427234
4427239
4427247
4427308
4427316
4427317
4427319
4427320
4427377
4427382
4427398
4427399
4427405
4427406
4427437
4427457
4427466
4427468
4427480
4427549
4427567
4427590
4427626
4427688
4427700
4427707
4427719
4427738
4427749
4427754
4427757
4427844
4427861
4427895
4427942
4427965
4428077
4428081
4428109
4428120
4428122
4428149
4428230
4428236
4428312
4428322
4428338
4428357
4428360
4428364
4428370
4428376
4428398
4428407
4428416
4428420
4428448
4428453
4428461
4428475
4428491
4428495
4428521
4428652
4428657
4428676
4428685
4428693
4428700
4428710
4428732
4428772
4428855
4428862
4428867
4428871
4428877
4428881
4428886
4428902
4428912
4428922
4428942
4428961
4428970
4428983
4428987
4429000
4429010
4429018
4429020
4429033
4429035
4429138
4429144
4429149
4429177
4429199
4429270
4429275
4429289
4429293
4429298
4429309
4429313
4429316
4429318
4429333
4429349
4429352
4429353
4429363
4429367
4429370
4429375
4429386
4429415
4429424
4429432
4429436
4429442
4429448
4429450
4429462
4429464
4429469
4429475
4429476
4429494
4429507
4429521
4429529
4429533
4429590
4429597
4429610
4429625
4429646
4429718
4429721
4429749
4429760
4429770
4429788
4429793
4429807
4429857
4429869
4429874
4429884
4429887
4430234
4430299
4430365
4430390
4430522
4430560
4430596
4430629
4430655
4430689
4430735
4430817
4430829
4430847
4430914
4430979
4431006
4431009
4431056
4431087
4431094
4431166
4431209
4431220
4431301
4431338
4431375
4431402
4431438
4431503
4431517
4431541
4431622
4431637
4431645
4431654
4431670
4431678
4431687
4431707
4431731
4431738
4431739
4431751
4431768
4431775
4431783
4431784
4431801
4431813
4431825
4431854
4431858
4431863
4431873
4431882
4431902
4431917
4432017
4432043
4432062
4432407
4432424
4432427
4432445
4432589
4432608
4432612
4432616
4432620
4432626
4432627
4432634
4432640
4432644
4432662
4432667
4432672
4432673
4432706
4432722
4432736
4432745
4432762
4432766
4432773
4432786
4432795
4432936
4432985
4432988
4433091
4433114
4433120
4433174
4433178
4433183
4433229
4433269
4433285
4433298
4433301
4433312
4433327
4433332
4433360
4433381
4433386
4433400
4433421
4433470
4433510
4433543
4433570
4433572
4433574
4433621
4433751
4433843
4433864
4433875
4433876
4433894
4433920
4433931
4433939
4433977
4433985
4433991
4434004
4434080
4434097
4434131
4434176
4434215
4434448
4434506
4434520
4434626
4434796
4435406
4435407
4435612
4435785
4435795
4435859
4435955
4435971
4436021
4436031
4436089
4436118
4436140
4436172
4436197
4436218
4436240
4436304
4436394
4436418
4436478
4436510
4436539
4436546
4436581
4436605
4436613
4436632
4436645
4436667
4436740
4436769
4436776
4436791
4436801
4436840
4436867
4436873
4436880
4436921
4436927
4436951
4436962
4436973
4436983
4436997
4437018
4437019
4437032
4437037
4437040
4437043
4437051
4437073
4437083
4437116
4437128
4437163
4437171
4437197
4437218
4437308
4437320
4437326
4437337
4437343
4437360
4437373
4437377
4437382
4437391
4437406
4437431
4437438
4437446
4437455
4437461
4437465
4437467
4437505
4437532
4437553
4437564
4437807
4437950
4437956
4437965
4437968
4437971
4437978
4437979
4437988
4437990
4438004
4438017
4438024
4438025
4438028
4438037
4438050
4438052
4438069
4438078
4438082
4438087
4438091
4438117
4438130
4438140
4438145
4438149
4438167
4438180
4438188
4438198
4438221
4438224
4438236
4438268
4438279
4438289
4438295
4438314
4438316
4438423
4438436
4438441
4438450
4438454
4438456
4438473
4438475
4438477
4438481
4438512
4438523
4438544
4438553
4438581
4438583
4438585
4438587
4438588
4438598
4438600
4438609
4438612
4438613
4438615
4438658
4438734
4438742
4438752
4438766
4438776
4438787
4438807
4438824
4438831
4438852
4438866
4438884
4439055
4439101
4439117
4439222
4439295
4439559
4439771
4439827
4439832
4439935
4439967
4440064
4440294
4440331
4440333
4440533
4440557
4440566
4440569
4440583
4440679
4440683
4440687
4440707
4440709
4440809
4441336
4441427
4441465
4441495
4441589
4441602
4442225
4442324
4442950
4442987
4444009
4444060
4444157
4444167
4444172
4444182
4444196
4444201
4444215
4444221
4444253
4444263
4444275
4444477
4444526
4444536
4444546
4444560
4444613
4444626
4444638
4444650
4444700
4444705
4444731
4444739
4444753
4444840
4444865
4444924
4444987
4445037
4445042
4445063
4445074
4445084
4445094
4445117
4445150
4445162
4445176
4445304
4445347
4445382
4447305
4447317
4447337
4447588
4447591
4447852
4448029
4448316
4448343
4448354
4448360
4448369
4448375
4448396
4448400
4448418
4448429
4448454
4448467
4448479
4448486
4448510
4448522
4448534
4448680
4448786
4448796
4448800
4448814
4448819
4448839
4448858
4448875
4448879
4448894
4448925
4448955
4449005
4449053
4449063
4449075
4449081
4449113
4449116
4449124
4449141
4449151
4449155
4449160
4449167
4449181
4449265
4449273
4449276
4449294
4449296
4449329
4449332
4449343
4449354
4449360
4449365
4449367
4449375
4449380
4449385
4449392
4449412
4449414
4449422
4449428
4449453
4449455
4449458
4449463
4449466
4449473
4449521
4449643
4449763
4449870
4449906
4449916
4449929
4449948
4449953
4449963
4449995
4450086
4450231
4450237
4450376
4450401
4450406
4450410
4450416
4450421
4450425
4450455
4450470
4450482
4450490
4450514
4450526
4450663
4450692
4450696
4450710
4450716
4450783
4450792
4450824
4450882
4450902
4450913
4450917
4450954
4450968
4450983
4451102
4451110
4451118
4451122
4451126
4451153
4451171
4451184
4451222
4451244
4451321
4451335
4451409
4451511
4451523
4451528
4451547
4451823
4451853
4452079
4452084
4452094
4452097
4452100
4452146
4452148
4452221
4452225
4452227
4452235
4452237
4452240
4452252
4452254
4452256
4452258
4452268
4452270
4452277
4452301
4452305
4452387
4452486
4452495
4452502
4452517
4452535
4452544
4452553
4452575
4452580
4452587
4452600
4452613
4452636
4452663
4452680
4452689
4452691
4452716
4452928
4452957
4452989
4453011
4453030
4453066
4453153
4453158
4453163
4453169
4453172
4453176
4453191
4453199
4453218
4453222
4453257
4453266
4453287
4453317
4453324
4453448
4453551
4453554
4453571
4453580
4453590
4453594
4453600
4453609
4453611
4453624
4453653
4453676
4453694
4453698
4453801
4453803
4453860
4454125
4454255
4454260
4454521
4454570
4454582
4454586
4454606
4454608
4454627
4454634
4454636
4454669
4454708
4454738
4454749
4454798
4454810
4454813
4454815
4454903
4454917
4454926
4454940
4454960
4454970
4454996
4455012
4455016
4455082
4455101
4455116
4455173
4455176
4455263
4455268
4455273
4455275
4455295
4455300
4455452
4455525
4455959
4455966
4456161
4456178
4456183
4456193
4456201
4456347
4456362
4456398
4456422
4456433
4456448
4456452
4456453
4456472
4456501
4456507
4456515
4456547
4456559
4456599
4456604
4456638
4456646
4456675
4456740
4456771
4456780
4456853
4456865
4456867
4456936
4456939
4456943
4456948
4456952
4456957
4456959
4457018
4457031
4457035
4457050
4457111
4457195
4457245
4457411
4457414
4457450
4457470
4457477
4457483
4457509
4457512
4457519
4457528
4457545
4457556
4457570
4457578
4457597
4457610
4457616
4457952
4457958
4457995
4458005
4458016
4458042
4458044
4458055
4458077
4458083
4458127
4458245
4458289
4458331
4458415
4458435
4458446
4458448
4458474
4458479
4458482
4458484
4458494
4458501
4458507
4458514
4458521
4458524
4458527
4458531
4458533
4458543
4458572
4458578
4458582
4458591
4458610
4458616
4458628
4458633
4458659
4458666
4458681
4458688
4458702
4458709
4458711
4458723
4458731
4458732
4458735
4458755
4458762
4458779
4458782
4458788
4458797
4458814
4458821
4458838
4458844
4458855
4458863
4458867
4458870
4458893
4458913
4458916
4458920
4459168
4459177
4459189
4459247
4459294
4459313
4459330
4459342
4459446
4459473
4459493
4459502
4459519
4459523
4459534
4459546
4459660
4459672
4459680
4459691
4459693
4459697
4459699
4459711
4459730
4459731
4459732
4459733
4459735
4459737
4459755
4459758
4459766
4459780
4459783
4459788
4459800
4459802
4459804
4459806
4459810
4459825
4459831
4459883
4459892
4459940
4459971
4459983
4459993
4460057
4460066
4460074
4460086
4460097
4460102
4460128
4460185
4460190
4460196
4460199
4460244
4460252
4460275
4460280
4460287
4460356
4460375
4460402
4460441
4460724
4460777
4460778
4460780
4460782
4460784
4460845
4460846
4460850
4460852
4461180
4461183
4461227
4461255
4461264
4461326
4461353
4461356
4461358
4461464
4461493
4461495
4461497
4461500
4461501
4461502
4461503
4461504
4461508
4461510
4461512
4461514
4461515
4461519
4461522
4461523
4461526
4461527
4461529
4461535
4461542
4461547
4461550
4461554
4461556
4461568
4461574
4461576
4461578
4461633
4461643
4461674
4461677
4461680
4461718
4461731
4461753
4461775
4461785
4461831
4461848
4461869
4461871
4461875
4461877
4461883
4461938
4461940
4461942
4461954
4461959
4461980
4461984
4461993
4462017
4462027
4462028
4462033
4462108
4462176
4462178
4462233
4462235
4462237
4462241
4462267
4462281
4462293
4462304
4462315
4462323
4462352
4462353
4462355
4462387
4462443
4462501
4462568
4462575
4462582
4462666
4462668
4462684
4462685
4462687
4462689
4462715
4462719
4462742
4462753
4462755
4462757
4462996
4463108
4463109
4463118
4463120
4463123
4463161
4463165
4463177
4463196
4463211
4463234
4463278
4463284
4463290
4463310
4463325
4463326
4463337
4463360
4463386
4463398
4463401
4463408
4463411
4463417
4463424
4463431
4463433
4463441
4463515
4463518
4463519
4463522
4463528
4463544
4463546
4463551
4463586
4463597
4463598
4463604
4463605
4463694
4463707
4463715
4463745
4463758
4463783
4463786
4463804
4463810
4463823
4463824
4463875
4463975
4463979
4463984
4464019
4464028
4464029
4464060
4464064
4464067
4464091
4464105
4464115
4464129
4464152
4464195
4464228
4464236
4464241
4464245
4464250
4464290
4464315
4464334
4464335
4464351
4464423
4464461
4464510
4464511
4464512
4464535
4464617
4464650
4464813
4464820
4464830
4464853
4464858
4464953
4465059
4465099
4465183
4465217
4465226
4465230
4465238
4465251
4465255
4465280
4466911
4466991
4467219
4467502
4467923
4467983
4467994
4467997
4468015
4468550
4468901
4468910
4468911
4468919
4468955
4468962
4468967
4468969
4469002
4469020
4469025
4469032
4469059
4469085
4469122
4469393
4469435
4469447
4469453
4469528
4469593
4469660
4469714
4469729
4469752
4469760
4469786
4469788
4469793
4469797
4469808
4469821
4469824
4469839
4469845
4469860
4469867
4469876
4469878
4469880
4469883
4469891
4469907
4469919
4469950
4469953
4469957
4469959
4469975
4469981
4469984
4470005
4470017
4470023
4470040
4470056
4470057
4470062
4470065
4470069
4470073
4470076
4470085
4470104
4470137
4470158
4470165
4470170
4470194
4470218
4470251
4470260
4470279
4470281
4470284
4470286
4470293
4470294
4470296
4470298
4470300
4470304
4470318
4470323
4470329
4470338
4470352
4470353
4470362
4470363
4470366
4470371
4470378
4470451
4470480
4470535
4470539
4470555
4470577
4470615
4470616
4470627
4470628
4470640
4470751
4470765
4470801
4470882
4470904
4470987
4471016
4471036
4471042
4471071
4471082
4471092
4471113
4471202
4471211
4471235
4471238
4472818
4472828
4472849
4472858
4472866
4472884
4472897
4472906
4472907
4472913
4472993
4473127
4473133
4473277
4473297
4473319
4473320
4473333
4473573
4473795
4473834
4473860
4473874
4473903
4473930
4473974
4474146
4474169
4474653
4474778
4474780
4474820
4474861
4474922
4474925
4474974
4474987
4474989
4475004
4475040
4475051
4475074
4475099
4475140
4475157
4475179
4475213
4475241
4475295
4475568
4475576
4475580
4475677
4475685
4475688
4475699
4475707
4475761
4475794
4475846
4475891
4475902
4475908
4475934
4476059
4476062
4476667
4478057
4478679
4478695
4478699
4478798
4478842
4479870
4479876
4479890
4479895
4479927
4480131
4480198
4480200
4480271
4480302
4480315
4480320
4480342
4480348
4480365
4480414
4480455
4480470
4480480
4480484
4480485
4480502
4480518
4480522
4480525
4480609
4480614
4480628
4480641
4480702
4480750
4480756
4480999
4481038
4481086
4481106
4481135
4481136
4481141
4481148
4481156
4481160
4481189
4481199
4481210
4481213
4481214
4481215
4481219
4481232
4481234
4481237
4481241
4481249
4481256
4481275
4481291
4481303
4481313
4481326
4481327
4481328
4481348
4481359
4481369
4481398
4481425
4481427
4481433
4481439
4481450
4481452
4481461
4481463
4481477
4481484
4481489
4481501
4481513
4481521
4481966
4482345
4482770
4482772
4482781
4482791
4482824
4482830
4482854
4482918
4482934
4482962
4482994
4483016
4483142
4483189
4483219
4483236
4483242
4483252
4483301
4483306
4483399
4483529
4483537
4483700
4483831
4483833
4483855
4483865
4483893
4483908
4483929
4483931
4483937
4483953
4483957
4483961
4483971
4483973
4483975
4483982
4483986
4483994
4484005
4484009
4484016
4484044
4484047
4484051
4484056
4484077
4484084
4484088
4484105
4484106
4484176
4484233
4484234
4484235
4484236
4484239
4484243
4484247
4484251
4484252
4484258
4484263
4484267
4484273
4484275
4484280
4484303
4484307
4484309
4484310
4484322
4484323
4484325
4484329
4484369
4484405
4484527
4484532
4484535
4484675
4484795
4484827
4484896
4485136
4485321
4485323
4485328
4485330
4485339
4485351
4485375
4485378
4485382
4485409
4485415
4485421
4485431
4485444
4485460
4485475
4485505
4485511
4485514
4485524
4485537
4485540
4485545
4485555
4485558
4485566
4485572
4485576
4485579
4485588
4485667
4485681
4485689
4485704
4485710
4485714
4485718
4485720
4485722
4485731
4485738
4485749
4485762
4485769
4485774
4485776
4485780
4485787
4485796
4485798
4485800
4485802
4485806
4485816
4485819
4485821
4485824
4485826
4485837
4485843
4485845
4485849
4485857
4485864
4485866
4485868
4485875
4485877
4485895
4485896
4485898
4485900
4485906
4485921
4485936
4485938
4485940
4485942
4485944
4485952
4485955
4485971
4485973
4485978
4485983
4485987
4485991
4486004
4486009
4486013
4486022
4486030
4486065
4486070
4486072
4486079
4486089
4486103
4486105
4486111
4486118
4486134
4486146
4486152
4486159
4486163
4486170
4486192
4486200
4486216
4486218
4486241
4486243
4486245
4486247
4486257
4486258
4486263
4486272
4486283
4486287
4486289
4486293
4486295
4486297
4486301
4486313
4486328
4486330
4486332
4486334
4486335
4486338
4486344
4486348
4486361
4486365
4486367
4486370
4486376
4486381
4486382
4486385
4486391
4486399
4486401
4486435
4486439
4486442
4486445
4486447
4486469
4486471
4486475
4486477
4486495
4486497
4486501
4486506
4486509
4486517
4486529
4486536
4486542
4486546
4486551
4486568
4486570
4486575
4486577
4486586
4486592
4486595
4486597
4486603
4486614
4486622
4486632
4486640
4486652
4486654
4486657
4486659
4486660
4486663
4486674
4486678
4486679
4486682
4486687
4486703
4486711
4486717
4486739
4486751
4486753
4486763
4486776
4486794
4486798
4486803
4486808
4486809
4486811
4486812
4486816
4486818
4486824
4486826
4486830
4486832
4486833
4486853
4486868
4486873
4486878
4486905
4486909
4486911
4486913
4486915
4486920
4486926
4486930
4486932
4486934
4486942
4486943
4486947
4486948
4486951
4486954
4486956
4486965
4487000
4487021
4487052
4487069
4487075
4487079
4487081
4487083
4487089
4487096
4487099
4487107
4487108
4487120
4487123
4487124
4487146
4487160
4487162
4487170
4487206
4487208
4487212
4487215
4487217
4487243
4487251
4487254
4487284
4487294
4487300
4487302
4487309
4487324
4487326
4487343
4487351
4487359
4487361
4487363
4487365
4487368
4487373
4487378
4487380
4487388
4487390
4487404
4487415
4487422
4487455
4487459
4487488
4487490
4487492
4487494
4487502
4487504
4487506
4487508
4487514
4487546
4487548
4487553
4487555
4487556
4487573
4487578
4487598
4487606
4487608
4487612
4487615
4487620
4487625
4487627
4487629
4487631
4487634
4487645
4487649
4487660
4487661
4487673
4487676
4487682
4487687
4487697
4487707
4487709
4487720
4487731
4487738
4487742
4487747
4487902
4487908
4487915
4487917
4487956
4488004
4488006
4488049
4488058
4488059
4488064
4488082
4488087
4488095
4488113
4488119
4488127
4488141
4488147
4488158
4488178
4488227
4488277
4488298
4488311
4488346
4488359
4488362
4488367
4488376
4488403
4488518
4488543
4488587
4488663
4488676
4488684
4488689
4488691
4488693
4488696
4488729
4488758
4488760
4488781
4488793
4488801
4488809
4488810
4488812
4488814
4488819
4488821
4488823
4488827
4488836
4488839
4488844
4488850
4488865
4488886
4488888
4488890
4488895
4488908
4488912
4488933
4488939
4488946
4488948
4488957
4488963
4488968
4488996
4489015
4489029
4489035
4489074
4489081
4489096
4489108
4489137
4489167
4489192
4489197
4489202
4489209
4489211
4489216
4489243
4489285
4489399
4489527
4489606
4489700
4489726
4489819
4489841
4489846
4489905
4489965
4489983
4489986
4489999
4490006
4490132
4490135
4490137
4490138
4490140
4490143
4490177
4490197
4490229
4490241
4490245
4490247
4490250
4490252
4490257
4490259
4490264
4490269
4490278
4490281
4490285
4490296
4490302
4490306
4490309
4490320
4490323
4490325
4490329
4490331
4490338
4490342
4490347
4490352
4490358
4490360
4490362
4490366
4490374
4490376
4490377
4490381
4490395
4490399
4490407
4490421
4490424
4490441
4490449
4490450
4490452
4490456
4490457
4490464
4490468
4490480
4490487
4490489
4490492
4490496
4490498
4490501
4490506
4490508
4490515
4490521
4490522
4490523
4490528
4490532
4490540
4490543
4490546
4490552
4490553
4490556
4490558
4490559
4490560
4490563
4490567
4490571
4490575
4490576
4490581
4490582
4490587
4490589
4490615
4490626
4490630
4490648
4490654
4490662
4490668
4490670
4490671
4490672
4490678
4490680
4490682
4490683
4490687
4490692
4490696
4490700
4490702
4490706
4490717
4490719
4490721
4490723
4490738
4490743
4490761
4490768
4490771
4490774
4490776
4490809
4490815
4490817
4490827
4490831
4490835
4490848
4490859
4490861
4490865
4490867
4490868
4490882
4490887
4490893
4490899
4490902
4490905
4490910
4490911
4490913
4490918
4490920
4490929
4490931
4490933
4490934
4490936
4490937
4490938
4490940
4490946
4490950
4490955
4490972
4490974
4490985
4490988
4490992
4490995
4490997
4490999
4491004
4491135
4491145
4491149
4491152
4491184
4491191
4491206
4491210
4491233
4491251
4491260
4491316
4491317
4491333
4491342
4491456
4491460
4491463
4491466
4491475
4491476
4491483
4491485
4491499
4491506
4491515
4491522
4491529
4491560
4491569
4491594
4491609
4491639
4491669
4491685
4491694
4491719
4491726
4491733
4491744
4491747
4491756
4491772
4491789
4491828
4491833
4491845
4491863
4491865
4491868
4492088
4492096
4492098
4492105
4492132
4492136
4492137
4492141
4492144
4492147
4492150
4492158
4492160
4492176
4492183
4492186
4492193
4492199
4492202
4492208
4492212
4492215
4492217
4492220
4492229
4492231
4492236
4492262
4492268
4492282
4492288
4492291
4492297
4492311
4492312
4492315
4492318
4492326
4492331
4492336
4492338
4492340
4492341
4492356
4492358
4492365
4492374
4492383
4492389
4492393
4492395
4492397
4492401
4492444
4492446
4492587
4492591
4492861
4492866
4493121
4493180
4493251
4493349
4493717
4493766
4493772
4493788
4493801
4493807
4493809
4493814
4493823
4493837
4493850
4493900
4493930
4493938
4494007
4494165
4494169
4494178
4494185
4494197
4494199
4494201
4494208
4494211
4494257
4494274
4494276
4494282
4494286
4494295
4494301
4494312
4494319
4494338
4494339
4494364
4494370
4494381
4494404
4494417
4494426
4494435
4494483
4494497
4494503
4494518
4494532
4494534
4494606
4494622
4494625
4494632
4494634
4494654
4494659
4494665
4494706
4494741
4494746
4494761
4494769
4494793
4494798
4494800
4494801
4494813
4494852
4494856
4494864
4494866
4494871
4494873
4494874
4494882
4494888
4494890
4494902
4494904
4494906
4494908
4494924
4494928
4494932
4494936
4494940
4494946
4494948
4494950
4494959
4494963
4494967
4494969
4494984
4494994
4494996
4495005
4495009
4495014
4495025
4495031
4495033
4495035
4495039
4495042
4495051
4495054
4495060
4495068
4495075
4495082
4495086
4495090
4495123
4495135
4495175
4495196
4495200
4495203
4495207
4495217
4495233
4495242
4495253
4495272
4495274
4495323
4496017
4496799
4496820
4496851
4496861
4496869
4496895
4496904
4496917
4496920
4496933
4496943
4496950
4496958
4496973
4496979
4496981
4497009
4497025
4497045
4497054
4497058
4497078
4497084
4497120
4497124
4497147
4497150
4497167
4497176
4497180
4497186
4497216
4497219
4497226
4497243
4497415
4497421
4497451
4497478
4497522
4498242
4498454
4498707
4499448
4500386
4500524
4500564
4501018
4502128
4502332
4502386
4502838
4503041
4503100
4503374
4503428
4503445
4503826
4503891
4503968
4504341
4504348
4504364
4504373
4504403
4504509
4504706
4504757
4504798
4504842
4504853
4504855
4504885
4504921
4504935
4504946
4504947
4504961
4504992
4505000
4505020
4505036
4505088
4505101
4505104
4505140
4505225
4505237
4505244
4505294
4505299
4505312
4505324
4505425
4505498
4505531
4505544
4505565
4505578
4505598
4505640
4505663
4505694
4505795
4505799
4505843
4505852
4505864
4505872
4505900
4505915
4505917
4505934
4505942
4505961
4505972
4506011
4506069
4506079
4506088
4506112
4506118
4506131
4506137
4506149
4506151
4506181
4506238
4506261
4506278
4506281
4506284
4506339
4506357
4509747
4509753
4509941
4510151
4512258
4512280
4512334
4512341
4513391
4513590
4513652
4513715
4513728
4513948
4513963
4514001
4514005
4514009
4514014
4514051
4514087
4514156
4514165
4514263
4514282
4514283
4514514
4514624
4514850
4514886
4514900
4514994
4514997
4515025
4515063
4515069
4515122
4515211
4515372
4515470
4515477
4515504
4515522
4515552
4515673
4515681
4516053
4516056
4516167
4516172
4516273
4516322
4516441
4516507
4516588
4516681
4516682
4516695
4516701
4516732
4516740
4516743
4516745
4516754
4516756
4516757
4516766
4516769
4516779
4516795
4516796
4516797
4516805
4516813
4516815
4516833
4516839
4516845
4516848
4516884
4517067
4517090
4517272
4517358
4517428
4517432
4517505
4517520
4517534
4517544
4517596
4518012
4518070
4518422
4518454
4518475
4518573
4518580
4518652
4518657
4518671
4518674
4518677
4518679
4518680
4518685
4518687
4518697
4518700
4518701
4518716
4518728
4518729
4518734
4518735
4518758
4518763
4518768
4518769
4518779
4518780
4518783
4518792
4518797
4518798
4518834
4518846
4518858
4518870
4518885
4518889
4519048
4519075
4519121
4519122
4519128
4519132
4519137
4519147
4519171
4519771
4519803
4519814
4519819
4519996
4520032
4520153
4520295
4520483
4520675
4520685
4520688
4520739
4520763
4520778
4520807
4520883
4521689
4521821
4521823
4521830
4521837
4522026
4522043
4522049
4522141
4522232
4522322
4522744
4522753
4522793
4522795
4522886
4522890
4522891
4522896
4522908
4522911
4522916
4522919
4522922
4522933
4522941
4522954
4522964
4523461
4523519
4523522
4523556
4523560
4523564
4523669
4523707
4523803
4523880
4523883
4523885
4524052
4524054
4524070
4524072
4524184
4524221
4524320
4524376
4524393
4524403
4524421
4524424
4524426
4524541
4524568
4524570
4524588
4524636
4524638
4524655
4524740
4524793
4524822
4524850
4524890
4524914
4524922
4524929
4524931
4524934
4524951
4524955
4524962
4524966
4525068
4525070
4525078
4525091
4525103
4525132
4525177
4525187
4525189
4525266
4525268
4525270
4525273
4525299
4525315
4525334
4525354
4525364
4525369
4525388
4525420
4525425
4525431
4525443
4525476
4525487
4525500
4525503
4525505
4525510
4525530
4525536
4525540
4525545
4525547
4525557
4525562
4525610
4525623
4525641
4525671
4525678
4525751
4525777
4525803
4525820
4525846
4525859
4525862
4525866
4525873
4525889
4525909
4525972
4526042
4526048
4526050
4526086
4526094
4526100
4526180
4527235
4527258
4527259
4527265
4527277
4527339
4527342
4527355
4527530
4527903
4527957
4527972
4528100
4528384
4528454
4528539
4528547
4528563
4528581
4528593
4528658
4528692
4528694
4528813
4528818
4529032
4529064
4529074
4529173
4529248
4529258
4529566
4529630
4529632
4529688
4529704
4529725
4529726
4529738
4529758
4529771
4529805
4529900
4529908
4529915
4529931
4530002
4530033
4530108
4530138
4530151
4530214
4530282
4530363
4530406
4530424
4530501
4530574
4530608
4530632
4530795
4530798
4530800
4530900
4530947
4530951
4531138
4531145
4531147
4531158
4531237
4531242
4531246
4531264
4531282
4531284
4531286
4531316
4531318
4531380
4531402
4531407
4531409
4531414
4531417
4531419
4531425
4531429
4531506
4531517
4531643
4531670
4531687
4531690
4531708
4531713
4531968
4531975
4532020
4532022
4532024
4532027
4532057
4532061
4532070
4532076
4532088
4532095
4532097
4532109
4532122
4532148
4532150
4532155
4532160
4532203
4532206
4532216
4532236
4532239
4532260
4532264
4532266
4532273
4532283
4532297
4532351
4532352
4532395
4532405
4532408
4532412
4532453
4532459
4532471
4532473
4532493
4532500
4532508
4532510
4532516
4532532
4532534
4532544
4532565
4532576
4532608
4532700
4532787
4532811
4532886
4532888
4532890
4532908
4532919
4532929
4533115
4533125
4533128
4533136
4533255
4533273
4533276
4533285
4533344
4533345
4533347
4533429
4533431
4533433
4533442
4533444
4533446
4533641
4533661
4533671
4533695
4533714
4533720
4533882
4533924
4533937
4533947
4533952
4533957
4534011
4534017
4534038
4534046
4534052
4534057
4534059
4534086
4534162
4534166
4534170
4534172
4534194
4534207
4534209
4534240
4534245
4534252
4534257
4534290
4534299
4534389
4534398
4534403
4534408
4534458
4534461
4534463
4534485
4534486
4534525
4534533
4534538
4534540
4534663
4534669
4534675
4534676
4534681
4534686
4534691
4534719
4534757
4534762
4534767
4534769
4534773
4534775
4534778
4534779
4534782
4534787
4534792
4534796
4534826
4534872
4534909
4534914
4535307
4535396
4535510
4535614
4535627
4535632
4535636
4535809
4535817
4535819
4535827
4535884
4535904
4536109
4536222
4536292
4536462
4536472
4536483
4536978
4536981
4536992
4537006
4537010
4537070
4537098
4537112
4537137
4537152
4537246
4537269
4537275
4537282
4537334
4537535
4537612
4537666
4537846
4537964
4538000
4538009
4538426
4538516
4538732
4538787
4539035
4539043
4539046
4539049
4539125
4539244
4539297
4539584
4539594
4539661
4539682
4539722
4539982
4540235
4540423
4540459
4540492
4540860
4540875
4541106
4541253
4541291
4541360
4541373
4541610
4541631
4541720
4541892
4541932
4541987
4541997
4542044
4542068
4542088
4542097
4542102
4542119
4542160
4542315
4542358
4543448
4543473
4543491
4543495
4543648
4543711
4543767
4543770
4543792
4543885
4544003
4544042
4544144
4544238
4544242
4544248
4544252
4544254
4544315
4544321
4544375
4544381
4544394
4544403
4544441
4544467
4544470
4544473
4544487
4544504
4544510
4544517
4544520
4544550
4544555
4544598
4544601
4544619
4544627
4544630
4544634
4544638
4544647
4544650
4544657
4544661
4544728
4544738
4544890
4544916
4544968
4547158
4547177
4547274
4547332
4547338
4547340
4547353
4547518
4547532
4547540
4547633
4547735
4547765
4547773
4547774
4547779
4548126
4548776
4548965
4549050
4549060
4549062
4549259
4550011
4550012
4550013
4550051
4550057
4550184
4550227
4550278
4550544
4550666
4550668
4550685
4550693
4550726
4550741
4550746
4550814
4552947
4553015
4553016
4553082
4553094
4553133
4553137
4553167
4553210
4553212
4553232
4553292
4553296
4553330
4553336
4553338
4553345
4553348
4553356
4553358
4553363
4553369
4553384
4553391
4553401
4553405
4553408
4553425
4553430
4553448
4553452
4553460
4553462
4553472
4553478
4553479
4553482
4553496
4553501
4553504
4553510
4553512
4553516
4553520
4553523
4553535
4553538
4553820
4553865
4571482
4651201
4664619
4667735
4690079
4690713
4710498
4711891
4722523
4724366
4788018
4789377
4801472
4898781
4985727
4985859
4986146
4986358
4987275
4987729
4987732
4987735
4987736
4987792
4987800
4987801
4987806
4987919
4987920
4987925
4987926
4987991
4987999
4988072
4988130
4988164
4988191
4988207
4988354
4988363
4988447
4988484
4988947
4989308
4989378
4989387
4989390
4989475
4989649
4989662
4989669
4989733
4989746
4989835
4989843
4989868
4989894
4989903
4989904
4989932
4989941
4990161
4990175
4990176
4990178
4990184
4990191
4990195
4990243
4990251
4990270
4990283
4990338
4990499
4990500
4990523
4990524
4990525
4990526
4990532
4990791
4990801
4990816
4990831
4990834
4991026
4994000
4994128
4994132
4994160
4994273
4995612
4995700
4996614
4996726
4996852
4997498
4997515
4998194
5000208
5001007
5001643
5002115
5003411
5003762
5003949
5005601
5006438
5006447
5006461
5006470
5006727
5007534
5007549
5007631
5008491
5009571
5010466
5010589
5011181
5012127
5013037
5013497
5013905
5013916
5013933
5013966
5013990
5017468
5017514
5017760
5018166
5018172
5018600
5018623
5018723
5019591
5020459
5020985
5021463
5021473
5022454
5022469
5022479
5022579
5022592
5022641
5022646
5022659
5022722
5022738
5022788
5023058
5023179
5023188
5023190
5023193
5023194
5023730
5024693
5024916
5025178
5025857
5025883
5026693
5026740
5026755
5026806
5026872
5027156
5027266
5027348
5027381
5027404
5027420
5027455
5027473
5027492
5027503
5027755
5027964
5027974
5028177
5028188
5028351
5028499
5028778
5029369
5029518
5029550
5029680
5029791
5029848
5029918
5029939
5029978
5030004
5030025
5030156
5030174
5030282
5030305
5030406
5030448
5030474
5030522
5030609
5030775
5031011
5031675
5031687
5031729
5032082
5032710
5034888
5035204
5035288
5035388
5035767
5035772
5035777
5035785
5035788
5035793
5035800
5035813
5035816
5035819
5035823
5035832
5035837
5035843
5035850
5035857
5035862
5035863
5036003
5036352
5036694
5036827
5036847
5036870
5036886
5036899
5037100
5037103
5037271
5037308
5037318
5037346
5037360
5037372
5037386
5037401
5037413
5037434
5037467
5037475
5037484
5037509
5037659
5037693
5038501
5038591
5038598
5039008
5039018
5039031
5039035
5039039
5039053
5039061
5039085
5039087
5039096
5039103
5039158
5039166
5039176
5039194
5039209
5039228
5039239
5039293
5039303
5039315
5039340
5039370
5039442
5039455
5039475
5039552
5039596
5039602
5039605
5039606
5039790
5039824
5039844
5039856
5039868
5039914
5040019
5040457
5040755
5040875
5040881
5040893
5041040
5041099
5041102
5041146
5041296
5041422
5041423
5041445
5041466
5041471
5042448
5042560
5043180
5043817
5044410
5044949
5045388
5045576
5046338
5046451
5046454
5046463
5046584
5047367
5047490
5047611
5048690
5048707
5048815
5049213
5051273
5051741
5051752
5051775
5051794
5051803
5051921
5051947
5051951
5051955
5052387
5052437
5053104
5053109
5053138
5053141
5053142
5053153
5053155
5053156
5053160
5053325
5053358
5053359
5053360
5053363
5053364
5053576
5053612
5053644
5053652
5053695
5053723
5053725
5053729
5053732
5053761
5053991
5054024
5054043
5054061
5054085
5054111
5054150
5054151
5054160
5054177
5054217
5054357
5054361
5054365
5054369
5054382
5054385
5054391
5054428
5054434
5054437
5054445
5054450
5054529
5054612
5054632
5054666
5054676
5054700
5054729
5054757
5054784
5054791
5055128
5055168
5055183
5055239
5055244
5055381
5055406
5055850
5055879
5055963
5056529
5056956
5056964
5057217
5057523
5057534
5057546
5057559
5058028
5058159
5058316
5058369
5058371
5058544
5058572
5058795
5058835
5058933
5059067
5059119
5059136
5059455
5059806
5059839
5060266
5060271
5060286
5060291
5060304
5060329
5060381
5060704
5060721
5060870
5061152
5061155
5062370
5063319
5063909
5063973
5064094
5064113
5064140
5064362
5064369
5064384
5064388
5064441
5064453
5064688
5067266
5067656
5067749
5067755
5067756
5067762
5067769
5067781
5067782
5067859
5067917
5067972
5067974
5068123
5068131
5068225
5068288
5068299
5068325
5068326
5068334
5068359
5068468
5068487
5068500
5068545
5068679
5068730
5068747
5068984
5069013
5069084
5069151
5069259
5069314
5069487
5069511
5069574
5069609
5069623
5069624
5069632
5069728
5069788
5070391
5070396
5070404
5070407
5070411
5070983
5070993
5071001
5071002
5071031
5071071
5071107
5071161
5071167
5071172
5071352
5071368
5071382
5072147
5072223
5072268
5072479
5072519
5072562
5072565
5072571
5072637
5072777
5072826
5072848
5072862
5072889
5073476
5073802
5073820
5074056
5074293
5074534
5074589
5074662
5075039
5075699
5075802
5075832
5075983
5076631
5076679
5076683
5076685
5076690
5076715
5076736
5076739
5076749
5076753
5076765
5076777
5076797
5076836
5076862
5076917
5077169
5077472
5077573
5077574
5077620
5077646
5077692
5077756
5077935
5078347
5078421
5078816
5078891
5078934
5078984
5079169
5079454
5079492
5079499
5080001
5080407
5080500
5080648
5081167
5081211
5081246
5081328
5081331
5081334
5081380
5081871
5081885
5082022
5082032
5082045
5082061
5082067
5082110
5082160
5082178
5082199
5082209
5082258
5082289
5082294
5082307
5082329
5082345
5083295
5083296
5083317
5083365
5083386
5083407
5084033
5084445
5084484
5084517
5084525
5084552
5084559
5085513
5086261
5086285
5086421
5086428
5086456
5086459
5087096
5088028
5088030
5088031
5088073
5088082
5088129
5088130
5088153
5088191
5088192
5089262
5089430
5089433
5089477
5089497
5089500
5089509
5089517
5090124
5090126
5090150
5090155
5090862
5090866
5091025
5091366
5091681
5091810
5092037
5093074
5093078
5093175
5094482
5094486
5094490
5094518
5094539
5094548
5094562
5094582
5094587
5094605
5094615
5094619
5094632
5094635
5094638
5094665
5094669
5094676
5094677
5094683
5094691
5094693
5094728
5094741
5094755
5094759
5094794
5094801
5094809
5094810
5094815
5094819
5094831
5094832
5094879
5096614
5098111
5098471
5098489
5098495
5099055
5099079
5099085
5100649
5100730
5100752
5101313
5101327
5101394
5101704
5101717
5101745
5102287
5102445
5102448
5102449
5102454
5102455
5102459
5102460
5102462
5102471
5102474
5102480
5102495
5102497
5102507
5102527
5102531
5102535
5102541
5102570
5102596
5102628
5102642
5102926
5102931
5102951
5102982
5103066
5103121
5103176
5103181
5103185
5103227
5103237
5103383
5103421
5103451
5103462
5103502
5103613
5103736
5103905
5103948
5103998
5104037
5104056
5104291
5104442
5104558
5104641
5104759
5104772
5104781
5104797
5104829
5104862
5104882
5104891
5104903
5104927
5104940
5105038
5105088
5105106
5105158
5105176
5105339
5105993
5106160
5106362
5106821
5106894
5107219
5107640
5107644
5107829
5108049
5108660
5108761
5108839
5108958
5109387
5109480
5109498
5109506
5109523
5109550
5109552
5109557
5109569
5109576
5109595
5109599
5109614
5109624
5109641
5109646
5109661
5109662
5109665
5109686
5109705
5109821
5109843
5109881
5110200
5110211
5110213
5110593
5110644
5110670
5110818
5110858
5110871
5110885
5111147
5111481
5111501
5111513
5111574
5112155
5112160
5112254
5112283
5112291
5112336
5112345
5112368
5112388
5113030
5113036
5113078
5113084
5113231
5113234
5113400
5113552
5113847
5113853
5114198
5114301
5114311
5114316
5114327
5114409
5115701
5115771
5115777
5115854
5115872
5115874
5116416
5116475
5116499
5116698
5117189
5117399
5117400
5118892
5118896
5118904
5118996
5119193
5119245
5119398
5119414
5119443
5119506
5119513
5119801
5119808
5119893
5120396
5120465
5120470
5120488
5120490
5120514
5120533
5120577
5120584
5120592
5120648
5120663
5120668
5120675
5120684
5120696
5120707
5120732
5120746
5120751
5120767
5120786
5120789
5120798
5120800
5120852
5120885
5120901
5120916
5120955
5120971
5120984
5120990
5121013
5121016
5121021
5121026
5121027
5121029
5121032
5121040
5121046
5121048
5121057
5121097
5121098
5121105
5121136
5121151
5121177
5121181
5121183
5121201
5121212
5121217
5121244
5121271
5121275
5121284
5121287
5121296
5121304
5121324
5121327
5121339
5121347
5121351
5121379
5121432
5121476
5121483
5121495
5121509
5121511
5121517
5121544
5121561
5121567
5121591
5121613
5121686
5121698
5121711
5121714
5121737
5121769
5121782
5121786
5121795
5121807
5121824
5122037
5122083
5122109
5122113
5122190
5122206
5122230
5122232
5122293
5122439
5123042
5123221
5123337
5123339
5123394
5123461
5123474
5123582
5123922
5124007
5124143
5124151
5124233
5124512
5124911
5125104
5125306
5125689
5125960
5126004
5126052
5126212
5126217
5126675
5126680
5126834
5127521
5130587
5130682
5131142
5131910
5132183
5133088
5134098
5134301
5134469
5134543
5134682
5134686
5134815
5134837
5135191
5135199
5135513
5137582
5137612
5137695
5137706
5137902
5137903
5137915
5138543
5138561
5138681
5139156
5140214
5140244
5140436
5141262
5141297
5141493
5141501
5141601
5141677
5142394
5142870
5142971
5143048
5143129
5143147
5143380
5143453
5143477
5143651
5143675
5143697
5143944
5143947
5144190
5144426
5144534
5144543
5144677
5144721
5144782
5144787
5144805
5144880
5144900
5144904
5145009
5145083
5145136
5145186
5145260
5145269
5145409
5145502
5145648
5145729
5145764
5145870
5145965
5146342
5146379
5146412
5146420
5146440
5146476
5146496
5146510
5146528
5146548
5146559
5146599
5146601
5146611
5146619
5146651
5146659
5146677
5146693
5146762
5146774
5146798
5146815
5146832
5146833
5146837
5146842
5146852
5146862
5146883
5146908
5146920
5146946
5146961
5147002
5147038
5147039
5147043
5147058
5147062
5147099
5147150
5147155
5147171
5147193
5147208
5147212
5147232
5147245
5147259
5147300
5147319
5147354
5147415
5147437
5147441
5147478
5147492
5147513
5147516
5147534
5147560
5147608
5147638
5147681
5147794
5147827
5147834
5148247
5148248
5148264
5148286
5148394
5148401
5148424
5148436
5148462
5148475
5148486
5148487
5149315
5149438
5149474
5149499
5149569
5149597
5149659
5149665
5149667
5149704
5149717
5149731
5149746
5149768
5149780
5149784
5149787
5149820
5149836
5149839
5151589
5151756
5151773
5151939
5151964
5152227
5152241
5152263
5152382
5152384
5152421
5152456
5152464
5152523
5152530
5152536
5152543
5152545
5152559
5152591
5152721
5152732
5152740
5152784
5152788
5152867
5152968
5152970
5153002
5153082
5153186
5153213
5153591
5153644
5153668
5153690
5153694
5153706
5153733
5153745
5153774
5153803
5154105
5154481
5154811
5154882
5155552
5155632
5155954
5155956
5155998
5156063
5156065
5156066
5156102
5157000
5157391
5158773
5158783
5158788
5158915
5158923
5158960
5159020
5159065
5159067
5159068
5159088
5159092
5159101
5159109
5159251
5159701
5159703
5159705
5160015
5160114
5160263
5160450
5160786
5160887
5160913
5161237
5161411
5161501
5161787
5161863
5161881
5161985
5162016
5162021
5162033
5162239
5162250
5162255
5162304
5163248
5163470
5163553
5163633
5164206
5164224
5164239
5164574
5165419
5165586
5165705
5166186
5166680
5166817
5166886
5167009
5167110
5167151
5167154
5167566
5167813
5168233
5168242
5168243
5168255
5168264
5168316
5168330
5168403
5168410
5168442
5168461
5168613
5168728
5168738
5168759
5168802
5168918
5168969
5169120
5169122
5169129
5169432
5169446
5169448
5169517
5169521
5169527
5169549
5169559
5169587
5169589
5169604
5169959
5169968
5169972
5170066
5170067
5170070
5170652
5170749
5170966
5170973
5170978
5170994
5171231
5171516
5171636
5171650
5172056
5172066
5172073
5172110
5173794
5173801
5173802
5173877
5173878
5173898
5174663
5174908
5175239
5175631
5175646
5176082
5176315
5177050
5177053
5179027
5179130
5179266
5179309
5179798
5179970
5180066
5180090
5309193
5712981
5713220
5713486
5714680
5714979
5714990
5715004
5716406
5716407
5716408
5716409
5716410
5716411
5716418
5716419
5716472
5731736
5732320
5732586
5732924
5733449
5733462
5736035
5741657
5741731
5741771
5741793
5741861
5741864
5741869
5742390
5742398
5742495
5742496
5742510
5742524
5742537
5743100
5743103
5743105
5743112
5743115
5743116
5743122
5743401
5743466
5743739
5743878
5743925
5743947
5743968
5744022
5744026
5744028
5744039
5744057
5744086
5744091
5744106
5744135
5744187
5744283
5744295
5744306
5744319
5744321
5744340
5744357
5744362
5744412
5744552
5744560
5744567
5744570
5744627
5744637
5744968
5744989
5745045
5745065
5745130
5745344
5745349
5745389
5745451
5745889
5746004
5746011
5746027
5746045
5746089
5746103
5746111
5746114
5746121
5746127
5746165
5746195
5746213
5746222
5746231
5746282
5746292
5746295
5746298
5746300
5746302
5746303
5746310
5746311
5746383
5746394
5746412
5746428
5746436
5746445
5746494
5746794
5746803
5747035
5747255
5747341
5747471
5747527
5747551
5747778
5747785
5747834
5747863
5747885
5748088
5748171
5748216
5748234
5748264
5748555
5748801
5748831
5748842
5748844
5748847
5748854
5748858
5748863
5748867
5748888
5749027
5749056
5749201
5749203
5749277
5749341
5749343
5749344
5749351
5749357
5749359
5749361
5749408
5749463
5749475
5749477
5749489
5749490
5749499
5749504
5749524
5749529
5749533
5749654
5749658
5749666
5749668
5749672
5749724
5749867
5750277
5750351
5750384
5750452
5750461
5750465
5750786
5750797
5750799
5750811
5750812
5750822
5750870
5750877
5750884
5750901
5751007
5751025
5751048
5751104
5751118
5751127
5751197
5751237
5751992
5751995
5752006
5752009
5752048
5752049
5752055
5752057
5752068
5752073
5752077
5752087
5752097
5752110
5752112
5752113
5752116
5752121
5752124
5752143
5752145
5752155
5752158
5752246
5752353
5752361
5752377
5752478
5752488
5752496
5752508
5752536
5752553
5752562
5752571
5752587
5752591
5752597
5752616
5752619
5752632
5752633
5752634
5752635
5752649
5752731
5752946
5752949
5752970
5752979
5753036
5753353
5753467
5753470
5753486
5753522
5753539
5753548
5753568
5753570
5753572
5753575
5753612
5753653
5753697
5753720
5753725
5753757
5754640
5754669
5754686
5754745
5754770
5754772
5754817
5754880
5754894
5754940
5754974
5754983
5755004
5755011
5755044
5755049
5755053
5755060
5755075
5755079
5755080
5755082
5755175
5755203
5755291
5755293
5755296
5755302
5755322
5755451
5755454
5755562
5755583
5755950
5755952
5755954
5755969
5755982
5755986
5756005
5756008
5756010
5756011
5756013
5756015
5756018
5756021
5756374
5756814
5756819
5756888
5756945
5757120
5757141
5757155
5757175
5757192
5757205
5757207
5757210
5757211
5757213
5757304
5757310
5757327
5757566
5757622
5757628
5757633
5757635
5757990
5757996
5757997
5758419
5758584
5758658
5758660
5758661
5758665
5758706
5758736
5758737
5758761
5758763
5758771
5758780
5758782
5758789
5758791
5758794
5758803
5758805
5758809
5758810
5758812
5758838
5758845
5758847
5758850
5758854
5758856
5758859
5758866
5758879
5758901
5758903
5759035
5759055
5759060
5759063
5759064
5759066
5759067
5759126
5759136
5759170
5759188
5759224
5759254
5759282
5759307
5759364
5759443
5759445
5759449
5759485
5759487
5759491
5759492
5759509
5759655
5759658
5759660
5759661
5759664
5759672
5759839
5759865
5759905
5759913
5759923
5760133
5760138
5760160
5760254
5760368
5760382
5760386
5760424
5760613
5760684
5760691
5760721
5760758
5761346
5762169
5762331
5762346
5762348
5762352
5762356
5762566
5765917
5765952
5765956
5765996
5766100
5766106
5766556
5766576
5766577
5766579
5766581
5766583
5766584
5766595
5766602
5766604
5766821
5766941
5766948
5766979
5766981
5766984
5768149
5768179
5768880
5769028
5769062
5769068
5769072
5769164
5769191
5769255
5769709
5769710
5769712
5769713
5769716
5769718
5769719
5769720
5769726
5769729
5769734
5769735
5769737
5769740
5769750
5769751
5769757
5769760
5769761
5769768
5769770
5769774
5769783
5769789
5769795
5769799
5769827
5769848
5770913
5770922
5770924
5770928
5770942
5771227
5771229
5771230
5771232
5771236
5771239
5771241
5771243
5771249
5771255
5771256
5771258
5771259
5771350
5771357
5771691
5771982
5772063
5772129
5772171
5772172
5772176
5772178
5772180
5772186
5772196
5772199
5772202
5772205
5772206
5772210
5772222
5772269
5772309
5772349
5772351
5772446
5772890
5772948
5773249
5773254
5773255
5774163
5774171
5774269
5774301
5774312
5774728
5776539
5776654
5789726
5791733
5791800
5799830
5800485
5804895
5806954
5809554
5810729
5815252
5819538
5820507
5864277
5864880
5865097
5865098
5866107
5866108
5866246
5866462
5867737
5868024
5868045
5868068
5868128
5868129
5868131
5868134
5868135
5868173
5868175
5868180
5869969
5869985
5870003
5870005
5870014
5870017
5870020
5870022
5870023
5870025
5870042
5870368
5870782
5871110
5871389
5872038
5872109
5872111
5872119
5872124
5872127
5872129
5872143
5872147
5872148
5872156
5872219
5872829
5872954
5872987
5873207
5873211
5873214
5873215
5873218
5873220
5873223
5873271
5873311
5873357
5873524
5873979
5874130
5874499
5874630
5874632
5874731
5874734
5874737
5874739
5874746
5874749
5874750
5874751
5874752
5874769
5874770
5874774
5874775
5874777
5874778
5874785
5874796
5874799
5874829
5874833
5874837
5874838
5874841
5874844
5874849
5874852
5874854
5874866
5874876
5874879
5875015
5875052
5875054
5875987
5875994
5876004
5876100
5876101
5876102
5876103
5876104
5876339
5877612
5877739
5877900
5877906
5877911
5877937
5878059
5878216
5878296
5878395
5878447
5878482
5878484
5878546
5878766
5878768
5878773
5878775
5878776
5878779
5878782
5878832
5878911
5879001
5879234
5879259
5879654
5879783
5880147
5880257
5880258
5880260
5880512
5880533
5880545
5880550
5880552
5880559
5880563
5882965
5883985
5884571
5884851
5886136
5886149
5886305
5887170
5888630
5976910
5977319
5977389
5978455
5978458
5978568
5978582
5978626
5978726
5978844
5978904
5979474
5979478
5979635
5979638
5979639
5979647
5981170
5981223
5981233
5984315
5984722
5984726
5984735
5984911
5984951
5984965
5984976
5985037
5985058
5985068
5985079
5985102
5985114
5985126
5986222
5986716
5991273
5995929
5996149
5998027
5998041
5999219
5999234
6003772
6004010
6005568
6005594
6096693
6096694
6096722
6096723
6096727
6096737
6096738
6096739
6096740
6096742
6096743
6096745
6096751
6096752
6096754
6096767
6096770
6096772
6096794
6096804
6096805
6096824
6096833
6096894
6096900
6096907
6096908
6096910
6096911
6096912
6096913
6096914
6096915
6096916
6096917
6096918
6096919
6096920
6096923
6096925
6096937
6096962
6097010
6097016
6097020
6097023
6097024
6097042
6097044
6097045
6097059
6097065
6097069
6097070
6097072
6097073
6097074
6097075
6097078
6097081
6097082
6097083
6097084
6097085
6097092
6097093
6097094
6097095
6097098
6097100
6097104
6097115
6097172
6097214
6097224
6097225
6097226
6097228
6097230
6097233
6097234
6097235
6097236
6097239
6097240
6097241
6097243
6097244
6097245
6097246
6097254
6097260
6097269
6097278
6097296
6097316
6097318
6097319
6097323
6097325
6097337
6097338
6097339
6097340
6097350
6097387
6097389
6097396
6097400
6097403
6097418
6097422
6097429
6097432
6097437
6097441
6097445
6097448
6097459
6097472
6097474
6097475
6097477
6097502
6097512
6097514
6097516
6097524
6097533
6097556
6097557
6097577
6097578
6097588
6097589
6097590
6097592
6097603
6097619
6097622
6097624
6097627
6097628
6097630
6097646
6097668
6097670
6097671
6097673
6097680
6097683
6097685
6097687
6097690
6097692
6097693
6097694
6097696
6097697
6097706
6097714
6097725
6097726
6097731
6097732
6097739
6097740
6097743
6097744
6097745
6097746
6097747
6097748
6097749
6097750
6097751
6097752
6097755
6097757
6097758
6097759
6097760
6097761
6097762
6097771
6097772
6097773
6097774
6097775
6097776
6097777
6097778
6097779
6097780
6097781
6097782
6097784
6097793
6097794
6097795
6097796
6097807
6097810
6097811
6097841
6097844
6097847
6097848
6097852
6097854
6097855
6097856
6097857
6097861
6097862
6097864
6097867
6097876
6097877
6097878
6097879
6097880
6097881
6097883
6097888
6097890
6097891
6097892
6097896
6097897
6097898
6097900
6097901
6097905
6097906
6097909
6097910
6097912
6097913
6097914
6097915
6097916
6097917
6097919
6097922
6097923
6097924
6097925
6097926
6097927
6098314
6098357
6098383
6098411
6098415
6098416
6098417
6098503
6098843
6098856
6098926
6121184
6130877
6132234
6133619
6186977
6187379
6189686
6190286
6201790
6221746
6231906
6248255
6248447
6248482
6253251
6253266
6258028
6260393
6264540
6264985
6265012
6265041
6267761
6269529
6269582
6273340
6273789
6274256
6274941
6275970
6276443
6276450
6276453
6276471
6276484
6276493
6276580
6284292
6284307
6284337
6284345
6284372
6284432
6284443
6284485
6284504
6284535
6284539
6284575
6544267
6544574
6544687
6545108
6545639
6545673
6546084
6547245
6548809
6718007
6718103
6718178
6718488
6722137
6723013
6723015
6871831
6873700
6892876
6899274
6899554
6900204
6900262
6900277
6900791
6901698
6905728
6905879
6906165
6906625
6906639
6907747
6907850
6909699
6912613
6912757
6912969
6913107
6913414
6913497
6913500
6913535
6913544
6913578
6913589
6913606
6913634
6913666
6914433
6914825
6916318
6916347
6917879
6919458
6921467
6921470
6922735
6926005
6931868
6932000
6932170
6932828
6935111
6938108
6943264
6943310
6943504
6943657
6950681
6950683
6950919
6952802
6952864
6952918
6953599
6956330
6956978
6962435
6963241
6963798
6966127
6974194
6975566
6975665
6975673
6978756
6989510
6990455
6990469
6993075
6993114
6993863
6995752
6997654
6998015
6998096
6999239
7000160
7005099
7007245
7007623
7008318
7196789
7198254
7204257
7309071
7346578
7350724
7354189
7354215
7354513
7359803
7360673
7365652
7366493
7366623
7375736
7379589
7380533
7380945
7383899
7386618
7387122
7387466
7388071
7388922
7389824
7403210
7405282
7410340
7410688
7410701
7412014
7412823
7414565
7416497
7417289
7417360
7417600
7417783
7419401
7420531
7422165
7423017
7423937
7430162
7434737
7437227
7437802
7438067
7438612
7439023
7439222
7442803
7443518
7444489
7446048
7446960
7447494
7448174
7448446
7448547
7449635
7451582
7451795
7454777
7456165
7458371
7459133
7462825
7465756
7466487
7467841
7468554
7472650
7473706
7477050
7482602
7483690
7484995
7485500
7486552
7491944
7493236
7494770
7496589
7498361
7500241
7500493
7507369
7508714
7509928
7510907
7512981
7514499
7516776
7518328
7519864
7521343
7525456
7525825
7527951
7528780
7530293
7530610
7533925
7535068
7537556
7538141
7541480
7541913
7544597
7546304
7546892
7547226
7547455
7553038
7555806
7555991
7556479
7561279
7562564
7563679
7568466
7569075
7569720
7570500
7570998
7572133
7572967
7573001
7575173
7576840
7577514
7579103
7579654
7582240
7582756
7584269
7585476
7587619
7588138
7588222
7589771
7596232
7602797
7604230
7608927
7609033
7610040
7610304
7613168
7614016
7619470
7619537
7620485
7620908
7621507
7622059
7623884
7623903
7624468
7624494
7626293
7630191
7630605
7631015
7632948
7633472
7634434
7634747
7638482
7639821
7641814
7641902
7642240
7642452
7642610
7646066
7648359
7649338
7651366
7652369
7654442
7654770
7656811
7657803
7658021
7659055
7661023
7663030
7664111
7664179
7664639
7664771
7671056
7673242
7674502
7674810
7677719
7678069
7678966
7679696
7680878
7681639
7681733
7683096
7683462
7684180
7689904
7689915
7693070
7694948
7695217
7698610
7701246
7701550
7701910
7703477
7703489
7704162
7704804
7707224
7707378
7707680
7708350
7710036
7711789
7712384
7712938
7717983
7719919
7721043
7724111
7725644
7726301
7726947
7727698
7727762
7728366
7731255
7731643
7733136
7734292
7734984
7738295
7741315
7746341
7748641
7748881
7749219
7751650
7752082
7753418
7753668
7753761
7755220
7756316
7759824
7761138
7762841
7763519
7763534
7764232
7766576
7767114
7768584
7768674
7769543
7772527
7774102
7778368
7780686
7780930
7781332
7781343
7783291
7783330
7783335
7783449
7784831
7785418
7785506
7786737
7789394
7791190
7791391
7791558
7792296
7794941
7796968
7797515
7799370
7801050
7803596
7804447
7804816
7805462
7805577
7807210
7809779
7811704
7813033
7814841
7819655
7822598
7822613
7822813
7823703
7825213
7825487
7826114
7829562
7832895
7833009
7834393
7834494
7834716
7836477
7837229
7837969
7838010
7839502
7840196
7840716
7845377
7847767
7849293
7851017
7851302
7853292
7853611
7854318
7855624
7856746
7859738
7867379
7867499
7869346
7870336
7872539
7873123
7873810
7874252
7874258
7874779
7876027
7877231
7878868
7878882
7878912
7879196
7880331
7881757
7885997
7886601
7887483
7889253
7891182
7894020
7894175
7894883
7895336
7898473
7898507
7903078
7903712
7905361
7906236
7906393
7908344
7909042
7909858
7913605
7914686
7914729
7915188
7917033
7917481
7918000
7919284
7919880
7920334
7921694
7921916
7922735
7922810
7927609
7928296
7932384
7932958
7933288
7934873
7936251
7936811
7937573
7940299
7940401
7940536
7942480
7942730
7947330
7948625
7949408
7950461
7951391
7952504
7952857
7953115
7953279
7953772
7955306
7955803
7955961
7955974
7956521
7956723
7958169
7960566
7960987
7961766
7962121
7964262
7965498
7967741
7969846
7970136
7970887
7971371
7971414
7971984
7972201
7972617
7972792
7973415
7973517
7974034
7974977
7975250
7975487
7976145
7976796
7979018
7981372
7981386
7982270
7982361
7984698
7987143
7987284
7988195
7988274
7990739
7993353
7994366
7995769
7996464
7997537
7998758
8000103
8001222
8001586
8001799
8002118
8003956
8005486
8006995
8007222
8010849
8011625
8013697
8014296
8015612
8015895
8016249
8016522
8016905
8017571
8018372
8018849
8021109
8021674
8023107
8026099
8026254
8026858
8027403
8028727
8033155
8033598
8034202
8035998
8036475
8036818
8037117
8038357
8038377
8038788
8040396
8040601
8042873
8043500
8044051
8044257
8044706
8044740
8045644
8047165
8048904
8048946
8049830
8051076
8051854
8052025
8052666
8053493
8053958
8054167
8054788
8056040
8057240
8057717
8057880
8058567
8059486
8061289
8062758
8062927
8063413
8063788
8067418
8067894
8068421
8068514
8070640
8071304
8072045
8073674
8076006
8076764
8077386
8078362
8078708
8082584
8083501
8085145
8085274
8086347
8088009
8088375
8091768
8094357
8094697
8095453
8095455
8095487
8096366
8097492
8098079
8102790
8102850
8102957
8103163
8104094
8104778
8105817
8105995
8106051
8108800
8108847
8111395
8111934
8112343
8113204
8114772
8115081
8116389
8116954
8117770
8118878
8121411
8124081
8124155
8124331
8126969
8127425
8129681
8130306
8132164
8133678
8135860
8136372
8137107
8137203
8138123
8138506
8138668
8138711
8139550
8140785
8140883
8141125
8141741
8142643
8143604
8144310
8145539
8146922
8148822
8150836
8151310
8152705
8154999
8155393
8155956
8156367
8157294
8157767
8158342
8159124
8160782
8161309
8162538
8163238
8163901
8165018
8165131
8165185
8165715
8165915
8166399
8167638
8168242
8168644
8169450
8170685
8172949
8173331
8174448
8176911
8178854
8180900
8181318
8181581
8182484
8183385
8184037
8184273
8185687
8186212
8188295
8189761
8193562
8194699
8196495
8197899
8198400
8199145
8199356
8199522
8200050
8200135
8200604
8201251
8202450
8202521
8202676
8203198
8203812
8204814
8205945
8206381
8207060
8208190
8208627
8208869
8210670
8211196
8213262
8214501
8214814
8215075
8215326
8216511
8216670
8217046
8218120
8218441
8218490
8218672
8218793
8219105
8219149
8219587
8220829
8222049
8223165
8223744
8223820
8224457
8225983
8230080
8230577
8231969
8233062
8235294
8236590
8236917
8237343
8237987
8239577
8239973
8243717
8243727
8244266
8244304
8244670
8247017
8251411
8253467
8254441
8254648
8255921
8257080
8257551
8259113
8262357
8263436
8263490
8264200
8265461
8267901
8268673
8269838
8270406
8272236
8272543
8273542
8273661
8274894
8276143
8276534
8276753
8277078
8282871
8283937
8284026
8284084
8284174
8284747
8285182
8287599
8288456
8288722
8289597
8292351
8292872
8293804
8294099
8294401
8294966
8295336
8295510
8295666
8297528
8298764
8302139
8302267
8302684
8304206
8304366
8305113
8306201
8306271
8306305
8307577
8308049
8309380
8309516
8309662
8312017
8313553
8313756
8314088
8316923
8319203
8321248
8321970
8323086
8323161
8324031
8324162
8325707
8326103
8327349
8329661
8331255
8332178
8332419
8334022
8334654
8336598
8336655
8337554
8338716
8339609
8339751
8340559
8341395
8341686
8342233
8345669
8345768
8345820
8346462
8347376
8348761
8349338
8349776
8351541
8351995
8352161
8352804
8353562
8354346
8356077
8356768
8357478
8357721
8357872
8359623
8361848
8362131
8362353
8362609
8363507
8365680
8366131
8366158
8369868
8370390
8371656
8371863
8372271
8373618
8378143
8378220
8379392
8381232
8382786
8384488
8387132
8387202
8387962
8388397
8388883
8389619
8390512
8391987
8393082
8393221
8394261
8396242
8398641
8401448
8401762
8403047
8403618
8404037
8407461
8407804
8408878
8411604
8411684
8411753
8413223
8414408
8414437
8414861
8415553
8415576
8415823
8416054
8416348
8416592
8417764
8419922
8420632
8421256
8421569
8422313
8423772
8423878
8424972
8426357
8426653
8440779
8441088
8441594
8442947
8456479
8457894
8459975
8488782
8490791
8493990
8497397
8498959
8501267
8504619
8505602
8508656
8510702
8513603
8515526
8517422
8518758
8522427
8528663
8531057
8532380
8537359
8539145
8543492
8544630
8545467
8546826
8548948
8551093
8553372
8571136
8581601
8583563
8583922
8594002
8597489
8599762
8601193
8607776
8610451
8616087
8616193
8621087
8623185
8625659
8636371
8638651
8642876
8645197
8660938
8666127
8672784
8680648
8683802
8685330
8691947
8703749
8705902
8706960
8707896
8708730
8708745
8708796
8711380
8718512
8721209
8741260
8742426
8749265
8756768
8759556
8765462
8770244
8796822
8796936
8797808
8799777
8810143
8823068
8823797
8837093
8838450
8843472
8851663
8856895
8858121
8868938
8869900
8878274
8884650
8888246
8889672
8889941
8890502
8890849
8909595
8913138
8920691
8929087
8929628
8930656
8944207
8946295
8946979
8955497
8961343
8963416
8964772
8965127
8966182
8971201
8979506
8990685
8996498
8997839
9007987
9010953
9011230
9012567
9013850
9026086
9027622
9030323
9031593
9042044
9052067
9052885
9055856
9057837
9064239
9069955
9076866
9078997
9079000
9082673
9083295
9086384
9095296
9099424
9100030
9101339
9102035
9109523
9111617
9111961
9117519
9118408
9127860
9128025
9135821
9137631
9137965
9138609
9139578
9149296
9153200
9165522
9166296
9174377
9182351
9182620
9182984
9186063
9186988
9192062
9198247
9198767
9198953
9206709
9209338
9209585
9209591
9210993
9211873
9218355
9218834
9220953
9222483
9235322
9235506
9236980
9238169
9240761
9242559
9248812
9249651
9253677
9256561
9262981
9265027
9267061
9273255
9287362
9287624
9294717
9299389
9300880
9302212
9303466
9309752
9313342
9313568
9314786
9320247
9320631
9325635
9331464
9333306
9340465
9341254
9341614
9342164
9346774
9347551
9349171
9349309
9349402
9349554
9352371
9355773
9357819
9359597
9362167
9362333
9364328
9364935
9366940
9367508
9368887
9377247
9378252
9381267
9384890
9389704
9390778
9392902
9397160
9398209
9400895
9402862
9404098
9408800
9411943
9412801
9414758
9414984
9415534
9415910
9419118
9421986
9424276
9424647
9425190
9432875
9433821
9438405
9442269
9443915
9444427
9447798
9452727
9453130
9465292
9468033
9468552
9473121
9474091
9479706
9480735
9484484
9485246
9485486
9488120
9488984
9490042
9497766
9500917
9500942
9506156
9510363
9511831
9518018
9518602
9519321
9519680
9522851
9526465
9529616
9530977
9533410
9539217
9539945
9546514
9549172
9550872
9562702
9563355
9565622
9574417
9575913
9579730
9585068
9585459
9588116
9592022
9597095
9597437
9598378
9598509
9600229
9602851
9607959
9609104
9609873
9610798
9611366
9611525
9616579
9619922
9621490
9622073
9622727
9624079
9624156
9626094
9627567
9627705
9634261
9660344
9660512
9669795
9671753
9674732
9675934
9681680
9687609
9689691
9695352
9695856
9704833
9706176
9710182
9710800
9711771
9716265
9717507
9723498
9723709
9723777
9725539
9726179
9727301
9728038
9732258
9732269
9734171
9736295
9739221
9741766
9742889
9744770
9746042
9746699
9747989
9750962
9755137
9756400
9756939
9761295
9764118
9766765
9768838
9768924
9768940
9769056
9773232
9775518
9778765
9779088
9779307
9779479
9779970
9781157
9781413
9782192
9782241
9782998
9784589
9786356
9787982
9788106
9790007
9791194
9792543
9793550
9793623
9795476
9795649
9796233
9796855
9797833
9801477
9803824
9805254
9805848
9805941
9806721
9810148
9811001
9812477
9813725
9816676
9817596
9818799
9819403
9819767
9832878
9868978
9882511
9883941
9894056
9894093
9896084
9915023
9948862
9987823
